,Visitor,VisitorScore,Home,HomeScore,Date
0,Magic,84,Pelicans,101,2014-10-28
1,Mavericks,100,Spurs,101,2014-10-28
2,Rockets,108,Lakers,90,2014-10-28
3,Bucks,106,Hornets,108,2014-10-29
4,76ers,91,Pacers,103,2014-10-29
5,Nets,105,Celtics,121,2014-10-29
6,Wizards,95,Heat,107,2014-10-29
7,Hawks,102,Raptors,109,2014-10-29
8,Timberwolves,101,Grizzlies,105,2014-10-29
9,Bulls,104,Knicks,80,2014-10-29
10,Pistons,79,Nuggets,89,2014-10-29
11,Rockets,104,Jazz,93,2014-10-29
12,Lakers,99,Suns,119,2014-10-29
13,Warriors,95,Kings,77,2014-10-29
14,Thunder,89,Trail Blazers,106,2014-10-29
15,Wizards,105,Magic,98,2014-10-30
16,Pistons,91,Timberwolves,97,2014-10-30
17,Knicks,95,Cavaliers,90,2014-10-30
18,Jazz,102,Mavericks,120,2014-10-30
19,Thunder,90,Clippers,93,2014-10-30
20,Grizzlies,97,Pacers,89,2014-10-31
21,Cavaliers,114,Bulls,108,2014-10-31
22,76ers,81,Bucks,93,2014-10-31
23,Spurs,89,Suns,94,2014-10-31
24,Trail Blazers,94,Kings,103,2014-10-31
25,Clippers,118,Lakers,111,2014-10-31
26,Mavericks,109,Pelicans,104,2014-11-01
27,Grizzlies,71,Hornets,69,2014-11-01
28,Raptors,108,Magic,95,2014-11-01
29,Heat,114,76ers,96,2014-11-01
30,Bucks,97,Wizards,108,2014-11-01
31,Pacers,92,Hawks,102,2014-11-01
32,Nets,102,Pistons,90,2014-11-01
33,Celtics,90,Rockets,104,2014-11-01
34,Bulls,106,Timberwolves,105,2014-11-01
35,Nuggets,91,Thunder,102,2014-11-01
36,Suns,91,Jazz,118,2014-11-01
37,Lakers,104,Warriors,127,2014-11-01
38,Kings,98,Clippers,92,2014-11-02
39,Raptors,102,Heat,107,2014-11-02
40,Hornets,93,Knicks,96,2014-11-02
41,Warriors,95,Trail Blazers,90,2014-11-02
42,Bucks,87,Pacers,81,2014-11-04
43,Rockets,108,Heat,91,2014-11-04
44,Wizards,98,Knicks,83,2014-11-04
45,Thunder,88,Raptors,100,2014-11-04
46,Magic,90,Bulls,98,2014-11-04
47,Hornets,91,Pelicans,100,2014-11-04
48,Cavaliers,82,Trail Blazers,101,2014-11-04
49,Suns,112,Lakers,106,2014-11-04
50,Heat,89,Hornets,96,2014-11-05
51,Magic,91,76ers,89,2014-11-05
52,Raptors,110,Celtics,107,2014-11-05
53,Timberwolves,98,Nets,91,2014-11-05
54,Knicks,95,Pistons,98,2014-11-05
55,Bulls,95,Bucks,86,2014-11-05
56,Pacers,94,Wizards,96,2014-11-05
57,Hawks,92,Spurs,94,2014-11-05
58,Grizzlies,102,Suns,91,2014-11-05
59,Cavaliers,100,Jazz,102,2014-11-05
60,Nuggets,109,Kings,131,2014-11-05
61,Clippers,104,Warriors,121,2014-11-05
62,Spurs,81,Rockets,98,2014-11-06
63,Mavericks,87,Trail Blazers,108,2014-11-06
64,Hawks,119,Hornets,122,2014-11-07
65,Timberwolves,103,Magic,112,2014-11-07
66,Bulls,118,76ers,115,2014-11-07
67,Pacers,98,Celtics,101,2014-11-07
68,Knicks,99,Nets,110,2014-11-07
69,Bucks,95,Pistons,98,2014-11-07
70,Wizards,84,Raptors,103,2014-11-07
71,Grizzlies,91,Thunder,89,2014-11-07
72,Kings,114,Suns,112,2014-11-07
73,Mavericks,105,Jazz,82,2014-11-07
74,Cavaliers,110,Nuggets,101,2014-11-07
75,Trail Blazers,102,Clippers,106,2014-11-08
76,Wizards,97,Pacers,90,2014-11-08
77,Knicks,96,Hawks,103,2014-11-08
78,Timberwolves,92,Heat,102,2014-11-08
79,Celtics,106,Bulls,101,2014-11-08
80,Warriors,98,Rockets,87,2014-11-08
81,Grizzlies,92,Bucks,93,2014-11-08
82,Pelicans,100,Spurs,99,2014-11-08
83,Magic,96,Nets,104,2014-11-09
84,Jazz,97,Pistons,96,2014-11-09
85,Kings,93,Thunder,101,2014-11-09
86,76ers,88,Raptors,120,2014-11-09
87,Heat,105,Mavericks,96,2014-11-09
88,Warriors,95,Suns,107,2014-11-09
89,Nuggets,100,Trail Blazers,116,2014-11-09
90,Hornets,92,Lakers,107,2014-11-09
91,Pelicans,111,Cavaliers,118,2014-11-10
92,Jazz,86,Pacers,97,2014-11-10
93,Hawks,91,Knicks,85,2014-11-10
94,Pistons,91,Bulls,102,2014-11-10
95,Spurs,89,Clippers,85,2014-11-10
96,Magic,100,Raptors,104,2014-11-11
97,Lakers,102,Grizzlies,107,2014-11-11
98,Thunder,78,Bucks,85,2014-11-11
99,Kings,98,Mavericks,106,2014-11-11
100,Hornets,100,Trail Blazers,102,2014-11-11
101,Spurs,113,Warriors,100,2014-11-11
102,Pistons,103,Wizards,107,2014-11-12
103,Jazz,97,Hawks,100,2014-11-12
104,Thunder,109,Celtics,94,2014-11-12
105,Pacers,81,Heat,75,2014-11-12
106,Magic,97,Knicks,95,2014-11-12
107,Lakers,102,Pelicans,109,2014-11-12
108,Trail Blazers,130,Nuggets,113,2014-11-12
109,Nets,104,Suns,112,2014-11-12
110,Rockets,113,Timberwolves,101,2014-11-12
111,Kings,110,Grizzlies,111,2014-11-13
112,Bulls,100,Raptors,93,2014-11-13
113,76ers,70,Mavericks,123,2014-11-13
114,Nets,99,Warriors,107,2014-11-13
115,Nuggets,108,Pacers,87,2014-11-14
116,Bucks,85,Magic,101,2014-11-14
117,Heat,103,Hawks,114,2014-11-14
118,Cavaliers,122,Celtics,121,2014-11-14
119,Jazz,102,Knicks,100,2014-11-14
120,76ers,87,Rockets,88,2014-11-14
121,Timberwolves,91,Pelicans,139,2014-11-14
122,Pistons,96,Thunder,89,2014-11-14
123,Hornets,103,Suns,95,2014-11-14
124,Spurs,93,Lakers,80,2014-11-14
125,Magic,93,Wizards,98,2014-11-15
126,Hawks,94,Cavaliers,127,2014-11-15
127,Jazz,93,Raptors,111,2014-11-15
128,Pacers,99,Bulls,90,2014-11-15
129,Pistons,88,Grizzlies,95,2014-11-15
130,Timberwolves,117,Mavericks,131,2014-11-15
131,Nets,87,Trail Blazers,97,2014-11-15
132,Spurs,91,Kings,94,2014-11-15
133,Hornets,87,Warriors,112,2014-11-15
134,Suns,107,Clippers,120,2014-11-15
135,Nuggets,93,Knicks,109,2014-11-16
136,Bucks,91,Heat,84,2014-11-16
137,Rockets,69,Thunder,65,2014-11-16
138,Warriors,136,Lakers,115,2014-11-16
139,Mavericks,107,Hornets,80,2014-11-17
140,Nuggets,106,Cavaliers,97,2014-11-17
141,Suns,118,Celtics,114,2014-11-17
142,Heat,95,Nets,83,2014-11-17
143,Magic,107,Pistons,93,2014-11-17
144,Rockets,93,Grizzlies,119,2014-11-17
145,76ers,75,Spurs,100,2014-11-17
146,Pelicans,93,Trail Blazers,102,2014-11-17
147,Bulls,105,Clippers,89,2014-11-17
148,Lakers,114,Hawks,109,2014-11-18
149,Knicks,113,Bucks,117,2014-11-18
150,Thunder,81,Jazz,98,2014-11-18
151,Pelicans,106,Kings,100,2014-11-18
152,Spurs,92,Cavaliers,90,2014-11-19
153,Hornets,86,Pacers,88,2014-11-19
154,Clippers,114,Magic,90,2014-11-19
155,Celtics,101,76ers,90,2014-11-19
156,Mavericks,105,Wizards,102,2014-11-19
157,Bucks,122,Nets,118,2014-11-19
158,Suns,88,Pistons,86,2014-11-19
159,Grizzlies,92,Raptors,96,2014-11-19
160,Knicks,99,Timberwolves,115,2014-11-19
161,Thunder,100,Nuggets,107,2014-11-19
162,Lakers,98,Rockets,92,2014-11-19
163,Clippers,110,Heat,93,2014-11-20
164,Bulls,88,Kings,103,2014-11-20
165,Magic,105,Hornets,100,2014-11-21
166,Suns,122,76ers,96,2014-11-21
167,Pistons,89,Hawks,99,2014-11-21
168,Bucks,82,Raptors,124,2014-11-21
169,Celtics,100,Grizzlies,117,2014-11-21
170,Spurs,121,Timberwolves,92,2014-11-21
171,Nets,94,Thunder,92,2014-11-21
172,Cavaliers,78,Wizards,91,2014-11-21
173,Lakers,106,Mavericks,140,2014-11-21
174,Pelicans,97,Nuggets,117,2014-11-21
175,Jazz,88,Warriors,101,2014-11-21
176,Bulls,87,Trail Blazers,105,2014-11-21
177,Suns,106,Pacers,83,2014-11-22
178,Heat,99,Magic,92,2014-11-22
179,Raptors,110,Cavaliers,93,2014-11-22
180,76ers,83,Knicks,91,2014-11-22
181,Mavericks,92,Rockets,95,2014-11-22
182,Kings,113,Timberwolves,101,2014-11-22
183,Wizards,111,Bucks,100,2014-11-22
184,Nets,87,Spurs,99,2014-11-22
185,Pelicans,106,Jazz,94,2014-11-22
186,Clippers,91,Grizzlies,107,2014-11-23
187,Trail Blazers,94,Celtics,88,2014-11-23
188,Hornets,93,Heat,94,2014-11-23
189,Warriors,91,Thunder,86,2014-11-23
190,Nuggets,101,Lakers,94,2014-11-23
191,Clippers,113,Hornets,92,2014-11-24
192,Magic,74,Cavaliers,106,2014-11-24
193,Trail Blazers,114,76ers,104,2014-11-24
194,Suns,100,Raptors,104,2014-11-24
195,Knicks,86,Rockets,91,2014-11-24
196,Pacers,111,Mavericks,100,2014-11-24
197,Bulls,97,Jazz,95,2014-11-24
198,Hawks,106,Wizards,102,2014-11-25
199,Warriors,114,Heat,97,2014-11-25
200,Pistons,86,Bucks,98,2014-11-25
201,Kings,99,Pelicans,89,2014-11-25
202,Bulls,109,Nuggets,114,2014-11-25
203,Trail Blazers,105,Hornets,97,2014-11-26
204,Wizards,87,Cavaliers,113,2014-11-26
205,Warriors,111,Magic,96,2014-11-26
206,Nets,99,76ers,91,2014-11-26
207,Knicks,102,Mavericks,109,2014-11-26
208,Raptors,126,Hawks,115,2014-11-26
209,Clippers,104,Pistons,98,2014-11-26
210,Kings,89,Rockets,102,2014-11-26
211,Bucks,103,Timberwolves,86,2014-11-26
212,Jazz,82,Thunder,97,2014-11-26
213,Pacers,100,Spurs,106,2014-11-26
214,Nuggets,112,Suns,120,2014-11-26
215,Grizzlies,99,Lakers,93,2014-11-26
216,Bulls,109,Celtics,102,2014-11-28
217,Warriors,106,Hornets,101,2014-11-28
218,Pelicans,91,Hawks,100,2014-11-28
219,Bucks,104,Pistons,88,2014-11-28
220,Mavericks,106,Raptors,102,2014-11-28
221,Clippers,102,Rockets,85,2014-11-28
222,Knicks,78,Thunder,105,2014-11-28
223,Magic,83,Pacers,98,2014-11-28
224,Kings,104,Spurs,112,2014-11-28
225,Suns,97,Nuggets,122,2014-11-28
226,Grizzlies,112,Trail Blazers,99,2014-11-28
227,Timberwolves,120,Lakers,119,2014-11-28
228,Mavericks,110,76ers,103,2014-11-29
229,Pelicans,80,Wizards,83,2014-11-29
230,Hornets,75,Hawks,105,2014-11-29
231,Pacers,97,Cavaliers,109,2014-11-29
232,Clippers,112,Jazz,96,2014-11-29
233,Rockets,117,Bucks,103,2014-11-29
234,Spurs,111,Celtics,89,2014-11-30
235,Bulls,102,Nets,84,2014-11-30
236,Warriors,104,Pistons,93,2014-11-30
237,Grizzlies,97,Kings,85,2014-11-30
238,Heat,86,Knicks,79,2014-11-30
239,Magic,93,Suns,90,2014-11-30
240,Timberwolves,93,Trail Blazers,107,2014-11-30
241,Raptors,122,Lakers,129,2014-11-30
242,Spurs,109,76ers,103,2014-12-01
243,Heat,86,Wizards,107,2014-12-01
244,Nuggets,103,Jazz,101,2014-12-01
245,Timberwolves,101,Clippers,127,2014-12-01
246,Bucks,108,Cavaliers,111,2014-12-02
247,Celtics,105,Hawks,109,2014-12-02
248,Lakers,106,Pistons,96,2014-12-02
249,Nets,98,Knicks,93,2014-12-02
250,Mavericks,132,Bulls,129,2014-12-02
251,Thunder,104,Pelicans,112,2014-12-02
252,Trail Blazers,105,Nuggets,103,2014-12-02
253,Pacers,99,Suns,116,2014-12-02
254,Raptors,117,Kings,109,2014-12-02
255,Magic,97,Warriors,98,2014-12-02
256,Bulls,102,Hornets,95,2014-12-03
257,Lakers,95,Wizards,111,2014-12-03
258,Pistons,102,Celtics,109,2014-12-03
259,Spurs,93,Nets,95,2014-12-03
260,Hawks,112,Heat,102,2014-12-03
261,Grizzlies,96,Rockets,105,2014-12-03
262,Mavericks,107,Bucks,105,2014-12-03
263,76ers,85,Timberwolves,77,2014-12-03
264,Raptors,123,Jazz,104,2014-12-03
265,Magic,86,Clippers,114,2014-12-03
266,Cavaliers,90,Knicks,87,2014-12-04
267,Pacers,82,Trail Blazers,88,2014-12-04
268,Pelicans,85,Warriors,112,2014-12-04
269,Knicks,102,Hornets,103,2014-12-05
270,Thunder,103,76ers,91,2014-12-05
271,Nuggets,89,Wizards,119,2014-12-05
272,Lakers,96,Celtics,113,2014-12-05
273,Hawks,98,Nets,75,2014-12-05
274,Cavaliers,105,Raptors,91,2014-12-05
275,Spurs,107,Grizzlies,101,2014-12-05
276,Rockets,114,Timberwolves,112,2014-12-05
277,Suns,118,Mavericks,106,2014-12-05
278,Heat,85,Bucks,109,2014-12-05
279,Magic,98,Jazz,93,2014-12-05
280,Pacers,101,Kings,102,2014-12-05
281,76ers,108,Pistons,101,2014-12-06
282,Warriors,112,Bulls,102,2014-12-06
283,Suns,95,Rockets,100,2014-12-06
284,Timberwolves,101,Spurs,123,2014-12-06
285,Magic,105,Kings,96,2014-12-06
286,Pelicans,100,Clippers,120,2014-12-06
287,Wizards,93,Celtics,101,2014-12-07
288,Nuggets,84,Hawks,96,2014-12-07
289,Heat,87,Grizzlies,103,2014-12-07
290,Thunder,96,Pistons,94,2014-12-07
291,Bucks,102,Mavericks,125,2014-12-07
292,Trail Blazers,103,Knicks,99,2014-12-07
293,Pelicans,104,Lakers,87,2014-12-07
294,Hawks,108,Pacers,92,2014-12-08
295,Celtics,132,Wizards,133,2014-12-08
296,Cavaliers,110,Nets,88,2014-12-08
297,Nuggets,107,Raptors,112,2014-12-08
298,Warriors,102,Timberwolves,86,2014-12-08
299,Jazz,92,Kings,101,2014-12-08
300,Suns,120,Clippers,121,2014-12-08
301,Raptors,101,Cavaliers,105,2014-12-09
302,Trail Blazers,98,Pistons,86,2014-12-09
303,Mavericks,105,Grizzlies,114,2014-12-09
304,Knicks,93,Pelicans,104,2014-12-09
305,Bucks,101,Thunder,114,2014-12-09
306,Heat,103,Suns,97,2014-12-09
307,Spurs,96,Jazz,100,2014-12-09
308,Kings,95,Lakers,98,2014-12-09
309,Celtics,87,Hornets,96,2014-12-10
310,Clippers,103,Pacers,96,2014-12-10
311,Wizards,91,Magic,89,2014-12-10
312,76ers,79,Hawks,95,2014-12-10
313,Nets,80,Bulls,105,2014-12-10
314,Trail Blazers,82,Timberwolves,90,2014-12-10
315,Pelicans,107,Mavericks,112,2014-12-10
316,Knicks,95,Spurs,109,2014-12-10
317,Rockets,93,Warriors,105,2014-12-10
318,Heat,82,Nuggets,102,2014-12-10
319,Cavaliers,94,Thunder,103,2014-12-11
320,Rockets,113,Kings,109,2014-12-11
321,Trail Blazers,106,Bulls,115,2014-12-12
322,Clippers,96,Wizards,104,2014-12-12
323,Magic,81,Hawks,87,2014-12-12
324,Knicks,101,Celtics,95,2014-12-12
325,76ers,70,Nets,88,2014-12-12
326,Pacers,94,Raptors,106,2014-12-12
327,Hornets,107,Grizzlies,113,2014-12-12
328,Thunder,111,Timberwolves,92,2014-12-12
329,Cavaliers,114,Pelicans,119,2014-12-12
330,Pistons,105,Suns,103,2014-12-12
331,Heat,100,Jazz,95,2014-12-12
332,Lakers,112,Spurs,110,2014-12-12
333,Warriors,105,Mavericks,98,2014-12-13
334,Nets,114,Hornets,87,2014-12-13
335,Trail Blazers,95,Pacers,85,2014-12-13
336,Hawks,99,Magic,100,2014-12-13
337,Clippers,106,Bucks,111,2014-12-13
338,Grizzlies,120,76ers,115,2014-12-13
339,Nuggets,96,Rockets,108,2014-12-13
340,Pistons,95,Kings,90,2014-12-13
341,Warriors,128,Pelicans,122,2014-12-14
342,Bulls,93,Heat,75,2014-12-14
343,Jazz,84,Wizards,93,2014-12-14
344,Lakers,100,Timberwolves,94,2014-12-14
345,Suns,88,Thunder,112,2014-12-14
346,Raptors,95,Knicks,90,2014-12-14
347,Spurs,99,Nuggets,91,2014-12-14
348,Hornets,88,Cavaliers,97,2014-12-15
349,Lakers,91,Pacers,110,2014-12-15
350,Celtics,105,76ers,87,2014-12-15
351,Bulls,86,Hawks,93,2014-12-15
352,Magic,82,Raptors,95,2014-12-15
353,Bucks,96,Suns,94,2014-12-15
354,Spurs,95,Trail Blazers,108,2014-12-15
355,Pistons,91,Clippers,113,2014-12-15
356,Timberwolves,95,Wizards,109,2014-12-16
357,Heat,95,Nets,91,2014-12-16
358,Warriors,98,Grizzlies,105,2014-12-16
359,Jazz,111,Pelicans,119,2014-12-16
360,Mavericks,107,Knicks,87,2014-12-16
361,Thunder,104,Kings,92,2014-12-16
362,Suns,111,Hornets,106,2014-12-17
363,Hawks,127,Cavaliers,98,2014-12-17
364,Magic,92,Celtics,109,2014-12-17
365,Mavericks,117,Pistons,106,2014-12-17
366,Jazz,105,Heat,87,2014-12-17
367,Nets,89,Raptors,105,2014-12-17
368,Grizzlies,117,Spurs,116,2014-12-17
369,Bucks,97,Trail Blazers,104,2014-12-17
370,Pacers,100,Clippers,102,2014-12-17
371,Rockets,115,Nuggets,111,2014-12-17
372,Knicks,97,Bulls,103,2014-12-18
373,Pelicans,99,Rockets,90,2014-12-18
374,Bucks,108,Kings,107,2014-12-18
375,Thunder,109,Warriors,114,2014-12-18
376,Jazz,101,Magic,94,2014-12-19
377,Hornets,109,76ers,91,2014-12-19
378,Timberwolves,98,Celtics,114,2014-12-19
379,Nets,91,Cavaliers,95,2014-12-19
380,Raptors,110,Pistons,100,2014-12-19
381,Wizards,105,Heat,103,2014-12-19
382,Bulls,103,Grizzlies,97,2014-12-19
383,Trail Blazers,129,Spurs,119,2014-12-19
384,Clippers,106,Nuggets,109,2014-12-19
385,Thunder,104,Lakers,103,2014-12-19
386,Suns,99,Knicks,90,2014-12-20
387,Trail Blazers,114,Pelicans,88,2014-12-20
388,Jazz,86,Hornets,104,2014-12-20
389,Hawks,104,Rockets,97,2014-12-20
390,Spurs,93,Mavericks,99,2014-12-20
391,Pacers,73,Nuggets,76,2014-12-20
392,Bucks,102,Clippers,106,2014-12-20
393,Knicks,108,Raptors,118,2014-12-21
394,Grizzlies,91,Cavaliers,105,2014-12-21
395,Lakers,101,Kings,108,2014-12-21
396,Pistons,105,Nets,110,2014-12-21
397,Celtics,84,Heat,100,2014-12-21
398,76ers,96,Magic,88,2014-12-21
399,Suns,104,Wizards,92,2014-12-21
400,Pacers,100,Timberwolves,96,2014-12-21
401,Pelicans,101,Thunder,99,2014-12-21
402,Nuggets,82,Hornets,110,2014-12-22
403,Raptors,120,Bulls,129,2014-12-22
404,Trail Blazers,95,Rockets,110,2014-12-22
405,Jazz,97,Grizzlies,91,2014-12-22
406,Hawks,105,Mavericks,102,2014-12-22
407,Clippers,118,Spurs,125,2014-12-22
408,Kings,108,Warriors,128,2014-12-22
409,Timberwolves,104,Cavaliers,125,2014-12-23
410,Pelicans,84,Pacers,96,2014-12-23
411,Celtics,95,Magic,100,2014-12-23
412,Bulls,99,Wizards,91,2014-12-23
413,Clippers,104,Hawks,107,2014-12-23
414,Nuggets,96,Nets,102,2014-12-23
415,76ers,91,Heat,87,2014-12-23
416,Hornets,108,Bucks,101,2014-12-23
417,Trail Blazers,115,Thunder,111,2014-12-23
418,Mavericks,115,Suns,124,2014-12-23
419,Warriors,105,Lakers,115,2014-12-23
420,Wizards,102,Knicks,91,2014-12-25
421,Thunder,114,Spurs,106,2014-12-25
422,Cavaliers,91,Heat,101,2014-12-25
423,Lakers,93,Bulls,113,2014-12-25
424,Warriors,86,Clippers,100,2014-12-25
425,Nets,109,Celtics,107,2014-12-26
426,Cavaliers,98,Magic,89,2014-12-26
427,Bucks,107,Hawks,77,2014-12-26
428,Pacers,109,Pistons,119,2014-12-26
429,Rockets,117,Grizzlies,111,2014-12-26
430,Spurs,90,Pelicans,97,2014-12-26
431,Hornets,75,Thunder,98,2014-12-26
432,Lakers,98,Mavericks,102,2014-12-26
433,Timberwolves,102,Nuggets,106,2014-12-26
434,76ers,93,Trail Blazers,114,2014-12-26
435,Suns,115,Kings,106,2014-12-26
436,Raptors,110,Clippers,98,2014-12-27
437,Magic,102,Hornets,94,2014-12-27
438,Celtics,88,Wizards,101,2014-12-27
439,Grizzlies,103,Heat,95,2014-12-27
440,Pelicans,100,Bulls,107,2014-12-27
441,Pacers,110,Nets,85,2014-12-27
442,Hawks,90,Bucks,85,2014-12-27
443,76ers,71,Jazz,88,2014-12-27
444,Knicks,129,Kings,135,2014-12-27
445,Timberwolves,97,Warriors,110,2014-12-27
446,Pistons,103,Cavaliers,80,2014-12-28
447,Rockets,106,Spurs,110,2014-12-28
448,Thunder,107,Mavericks,112,2014-12-28
449,Knicks,79,Trail Blazers,101,2014-12-28
450,Raptors,116,Nuggets,102,2014-12-28
451,Suns,116,Lakers,107,2014-12-28
452,Bucks,104,Hornets,94,2014-12-29
453,Bulls,92,Pacers,90,2014-12-29
454,Kings,99,Nets,107,2014-12-29
455,Magic,102,Heat,101,2014-12-29
456,Wizards,104,Rockets,103,2014-12-29
457,Jazz,97,Clippers,101,2014-12-29
458,Pistons,109,Magic,86,2014-12-30
459,Cavaliers,101,Hawks,109,2014-12-30
460,Nets,96,Bulls,82,2014-12-30
461,Spurs,87,Grizzlies,95,2014-12-30
462,Suns,106,Pelicans,110,2014-12-30
463,Wizards,87,Mavericks,114,2014-12-30
464,Lakers,111,Nuggets,103,2014-12-30
465,Timberwolves,94,Jazz,100,2014-12-30
466,Raptors,97,Trail Blazers,102,2014-12-30
467,76ers,86,Warriors,126,2014-12-30
468,Kings,84,Celtics,106,2014-12-31
469,Heat,95,Pacers,106,2014-12-31
470,Knicks,78,Clippers,99,2014-12-31
471,Hornets,83,Rockets,102,2014-12-31
472,Bucks,96,Cavaliers,80,2014-12-31
473,Pelicans,93,Spurs,95,2014-12-31
474,Suns,134,Thunder,137,2014-12-31
475,Nuggets,101,Bulls,106,2015-01-01
476,Kings,110,Timberwolves,107,2015-01-01
477,Cavaliers,91,Hornets,87,2015-01-02
478,Nets,100,Magic,98,2015-01-02
479,Mavericks,119,Celtics,101,2015-01-02
480,Pistons,97,Knicks,81,2015-01-02
481,Rockets,83,Pelicans,111,2015-01-02
482,Wizards,102,Thunder,109,2015-01-02
483,Pacers,94,Bucks,91,2015-01-02
484,76ers,96,Suns,112,2015-01-02
485,Hawks,98,Jazz,92,2015-01-02
486,Raptors,105,Warriors,126,2015-01-02
487,Grizzlies,109,Lakers,106,2015-01-02
488,Hornets,98,Magic,90,2015-01-03
489,Celtics,104,Bulls,109,2015-01-03
490,Heat,79,Rockets,115,2015-01-03
491,Jazz,101,Timberwolves,89,2015-01-03
492,Wizards,92,Spurs,101,2015-01-03
493,Grizzlies,85,Nuggets,114,2015-01-03
494,Hawks,115,Trail Blazers,107,2015-01-03
495,76ers,91,Clippers,127,2015-01-03
496,Mavericks,109,Cavaliers,90,2015-01-04
497,Kings,95,Pistons,114,2015-01-04
498,Nets,84,Heat,88,2015-01-04
499,Bucks,95,Knicks,82,2015-01-04
500,Raptors,109,Suns,125,2015-01-04
501,Pacers,87,Lakers,88,2015-01-04
502,Cavaliers,92,76ers,95,2015-01-05
503,Hornets,104,Celtics,95,2015-01-05
504,Mavericks,96,Nets,88,2015-01-05
505,Rockets,105,Bulls,114,2015-01-05
506,Knicks,83,Grizzlies,105,2015-01-05
507,Nuggets,110,Timberwolves,101,2015-01-05
508,Wizards,92,Pelicans,85,2015-01-05
509,Pacers,105,Jazz,101,2015-01-05
510,Lakers,94,Trail Blazers,98,2015-01-05
511,Thunder,91,Warriors,117,2015-01-05
512,Hawks,107,Clippers,98,2015-01-05
513,Suns,102,Bucks,96,2015-01-06
514,Pistons,105,Spurs,104,2015-01-06
515,Pelicans,94,Hornets,98,2015-01-07
516,Rockets,105,Cavaliers,93,2015-01-07
517,Bucks,97,76ers,77,2015-01-07
518,Knicks,91,Wizards,101,2015-01-07
519,Grizzlies,86,Hawks,96,2015-01-07
520,Celtics,89,Nets,81,2015-01-07
521,Jazz,97,Bulls,77,2015-01-07
522,Pistons,108,Mavericks,95,2015-01-07
523,Magic,90,Nuggets,93,2015-01-07
524,Suns,113,Timberwolves,111,2015-01-07
525,Thunder,83,Kings,104,2015-01-07
526,Pacers,102,Warriors,117,2015-01-07
527,Lakers,89,Clippers,114,2015-01-07
528,Hornets,103,Raptors,95,2015-01-08
529,Rockets,120,Knicks,96,2015-01-08
530,Heat,83,Trail Blazers,99,2015-01-08
531,Celtics,103,Pacers,107,2015-01-09
532,76ers,90,Nets,88,2015-01-09
533,Hawks,106,Pistons,103,2015-01-09
534,Grizzlies,95,Pelicans,106,2015-01-09
535,Jazz,94,Thunder,99,2015-01-09
536,Bulls,86,Wizards,102,2015-01-09
537,Timberwolves,84,Bucks,98,2015-01-09
538,Suns,95,Spurs,100,2015-01-09
539,Nuggets,118,Kings,108,2015-01-09
540,Cavaliers,94,Warriors,112,2015-01-09
541,Magic,84,Lakers,101,2015-01-09
542,Hornets,110,Knicks,82,2015-01-10
543,Mavericks,100,Clippers,120,2015-01-10
544,Nets,93,Pistons,98,2015-01-10
545,Pacers,92,76ers,93,2015-01-10
546,Celtics,96,Raptors,109,2015-01-10
547,Bucks,87,Bulls,95,2015-01-10
548,Jazz,82,Rockets,97,2015-01-10
549,Spurs,108,Timberwolves,93,2015-01-10
550,Magic,92,Trail Blazers,103,2015-01-10
551,Wizards,89,Hawks,120,2015-01-11
552,Heat,104,Clippers,90,2015-01-11
553,Suns,110,Grizzlies,122,2015-01-11
554,Cavaliers,84,Kings,103,2015-01-11
555,Trail Blazers,106,Lakers,94,2015-01-11
556,Pelicans,100,Celtics,108,2015-01-12
557,Rockets,113,Nets,99,2015-01-12
558,Pistons,114,Raptors,111,2015-01-12
559,Magic,121,Bulls,114,2015-01-12
560,Timberwolves,110,Pacers,101,2015-01-13
561,Hawks,105,76ers,87,2015-01-13
562,Spurs,93,Wizards,101,2015-01-13
563,Cavaliers,100,Suns,107,2015-01-13
564,Warriors,116,Jazz,105,2015-01-13
565,Mavericks,108,Kings,104,2015-01-13
566,Heat,78,Lakers,75,2015-01-13
567,Spurs,98,Hornets,93,2015-01-14
568,Rockets,113,Magic,120,2015-01-14
569,Grizzlies,103,Nets,92,2015-01-14
570,Pelicans,105,Pistons,94,2015-01-14
571,76ers,84,Raptors,100,2015-01-14
572,Wizards,105,Bulls,99,2015-01-14
573,Hawks,105,Celtics,91,2015-01-14
574,Mavericks,107,Nuggets,114,2015-01-14
575,Heat,89,Warriors,104,2015-01-14
576,Clippers,100,Trail Blazers,94,2015-01-14
577,Knicks,79,Bucks,95,2015-01-15
578,Thunder,101,Rockets,112,2015-01-15
579,Cavaliers,109,Lakers,102,2015-01-15
580,Pistons,98,Pacers,96,2015-01-16
581,Grizzlies,106,Magic,96,2015-01-16
582,Pelicans,81,76ers,96,2015-01-16
583,Nets,102,Wizards,80,2015-01-16
584,Bulls,119,Celtics,103,2015-01-16
585,Hawks,110,Raptors,89,2015-01-16
586,Warriors,115,Thunder,127,2015-01-16
587,Nuggets,89,Mavericks,97,2015-01-16
588,Trail Blazers,96,Spurs,110,2015-01-16
589,Timberwolves,99,Suns,110,2015-01-16
590,Lakers,85,Jazz,94,2015-01-16
591,Heat,95,Kings,83,2015-01-16
592,Cavaliers,126,Clippers,121,2015-01-16
593,Pacers,71,Hornets,80,2015-01-17
594,76ers,89,Pistons,107,2015-01-17
595,Hawks,107,Bulls,99,2015-01-17
596,Warriors,131,Rockets,106,2015-01-17
597,Wizards,99,Nets,90,2015-01-17
598,Trail Blazers,98,Grizzlies,102,2015-01-17
599,Timberwolves,113,Nuggets,105,2015-01-17
600,Clippers,117,Kings,108,2015-01-17
601,Pelicans,95,Raptors,93,2015-01-18
602,Thunder,127,Magic,99,2015-01-18
603,Jazz,69,Spurs,89,2015-01-18
604,Timberwolves,80,Hornets,105,2015-01-19
605,76ers,76,Wizards,111,2015-01-19
606,Pistons,82,Hawks,93,2015-01-19
607,Celtics,93,Clippers,102,2015-01-19
608,Nuggets,79,Warriors,122,2015-01-19
609,Mavericks,103,Grizzlies,95,2015-01-19
610,Pacers,98,Rockets,110,2015-01-19
611,Pelicans,92,Knicks,99,2015-01-19
612,Bulls,94,Cavaliers,108,2015-01-19
613,Raptors,92,Bucks,89,2015-01-19
614,Kings,94,Trail Blazers,98,2015-01-19
615,Lakers,100,Suns,115,2015-01-19
616,Thunder,94,Heat,86,2015-01-20
617,Spurs,109,Nuggets,99,2015-01-20
618,Heat,76,Hornets,78,2015-01-21
619,Jazz,92,Cavaliers,106,2015-01-21
620,Knicks,98,76ers,91,2015-01-21
621,Pacers,91,Hawks,110,2015-01-21
622,Magic,118,Pistons,128,2015-01-21
623,Raptors,86,Grizzlies,92,2015-01-21
624,Mavericks,98,Timberwolves,75,2015-01-21
625,Lakers,80,Pelicans,96,2015-01-21
626,Thunder,105,Wizards,103,2015-01-21
627,Trail Blazers,113,Suns,118,2015-01-21
628,Nets,103,Kings,100,2015-01-21
629,Rockets,113,Warriors,126,2015-01-21
630,Spurs,81,Bulls,104,2015-01-22
631,Jazz,101,Bucks,99,2015-01-22
632,Celtics,90,Trail Blazers,89,2015-01-22
633,Nets,84,Clippers,123,2015-01-22
634,Raptors,91,76ers,86,2015-01-23
635,Thunder,93,Hawks,103,2015-01-23
636,Hornets,90,Cavaliers,129,2015-01-23
637,Pacers,87,Heat,89,2015-01-23
638,Magic,106,Knicks,113,2015-01-23
639,Bulls,102,Mavericks,98,2015-01-23
640,Pelicans,92,Timberwolves,84,2015-01-23
641,Lakers,85,Spurs,99,2015-01-23
642,Celtics,100,Nuggets,99,2015-01-23
643,Rockets,113,Suns,111,2015-01-23
644,Kings,101,Warriors,126,2015-01-23
645,Knicks,71,Hornets,76,2015-01-24
646,Pistons,86,Bucks,101,2015-01-24
647,76ers,83,Grizzlies,101,2015-01-24
648,Nets,73,Jazz,108,2015-01-24
649,Wizards,96,Trail Blazers,103,2015-01-24
650,Heat,96,Bulls,84,2015-01-25
651,Thunder,98,Cavaliers,108,2015-01-25
652,Clippers,120,Suns,100,2015-01-25
653,Mavericks,106,Pelicans,109,2015-01-25
654,Timberwolves,100,Hawks,112,2015-01-25
655,Pacers,106,Magic,99,2015-01-25
656,Bucks,95,Spurs,101,2015-01-25
657,Pistons,110,Raptors,114,2015-01-25
658,Celtics,111,Warriors,114,2015-01-25
659,Wizards,117,Nuggets,115,2015-01-25
660,Rockets,99,Lakers,87,2015-01-25
661,Magic,94,Grizzlies,103,2015-01-26
662,76ers,74,Pelicans,99,2015-01-26
663,Timberwolves,84,Thunder,92,2015-01-26
664,Celtics,99,Jazz,90,2015-01-26
665,Nuggets,98,Clippers,102,2015-01-26
666,Raptors,104,Pacers,91,2015-01-27
667,Cavaliers,103,Pistons,95,2015-01-27
668,Bucks,109,Heat,102,2015-01-27
669,Grizzlies,109,Mavericks,90,2015-01-27
670,Bulls,113,Warriors,111,2015-01-27
671,Wizards,98,Lakers,92,2015-01-27
672,Trail Blazers,94,Cavaliers,99,2015-01-28
673,Pistons,69,76ers,89,2015-01-28
674,Kings,102,Raptors,119,2015-01-28
675,Nets,102,Hawks,113,2015-01-28
676,Mavericks,94,Rockets,99,2015-01-28
677,Celtics,98,Timberwolves,110,2015-01-28
678,Nuggets,93,Pelicans,85,2015-01-28
679,Thunder,92,Knicks,100,2015-01-28
680,Hornets,86,Spurs,95,2015-01-28
681,Clippers,94,Jazz,89,2015-01-28
682,Wizards,98,Suns,106,2015-01-28
683,Bucks,115,Magic,100,2015-01-29
684,Knicks,82,Pacers,103,2015-01-29
685,Nuggets,69,Grizzlies,99,2015-01-29
686,Bulls,118,Lakers,123,2015-01-29
687,Timberwolves,94,76ers,103,2015-01-30
688,Trail Blazers,99,Hawks,105,2015-01-30
689,Rockets,93,Celtics,87,2015-01-30
690,Raptors,127,Nets,122,2015-01-30
691,Kings,90,Cavaliers,101,2015-01-30
692,Clippers,103,Pelicans,108,2015-01-30
693,Mavericks,93,Heat,72,2015-01-30
694,Warriors,100,Jazz,110,2015-01-30
695,Bulls,93,Suns,99,2015-01-30
696,Kings,99,Pacers,94,2015-01-31
697,Mavericks,108,Magic,93,2015-01-31
698,Raptors,120,Wizards,116,2015-01-31
699,76ers,85,Hawks,91,2015-01-31
700,Rockets,101,Pistons,114,2015-01-31
701,Thunder,74,Grizzlies,85,2015-01-31
702,Cavaliers,106,Timberwolves,90,2015-01-31
703,Trail Blazers,88,Bucks,95,2015-01-31
704,Hornets,104,Nuggets,86,2015-01-31
705,Clippers,105,Spurs,85,2015-01-31
706,Suns,87,Warriors,106,2015-01-31
707,Heat,83,Celtics,75,2015-02-01
708,Lakers,80,Knicks,92,2015-02-01
709,76ers,84,Cavaliers,97,2015-02-02
710,Hornets,92,Wizards,88,2015-02-02
711,Clippers,100,Nets,102,2015-02-02
712,Bucks,82,Raptors,75,2015-02-02
713,Hawks,100,Pelicans,115,2015-02-02
714,Magic,97,Thunder,104,2015-02-02
715,Timberwolves,94,Mavericks,100,2015-02-02
716,Grizzlies,102,Suns,101,2015-02-02
717,Nuggets,98,76ers,105,2015-02-03
718,Heat,91,Pistons,108,2015-02-03
719,Celtics,108,Knicks,97,2015-02-03
720,Jazz,102,Trail Blazers,103,2015-02-03
721,Warriors,121,Kings,96,2015-02-03
722,Pistons,109,Pacers,114,2015-02-04
723,Wizards,96,Hawks,105,2015-02-04
724,Nuggets,100,Celtics,104,2015-02-04
725,Nets,109,Raptors,93,2015-02-04
726,Bulls,90,Rockets,101,2015-02-04
727,Lakers,105,Bucks,113,2015-02-04
728,Heat,101,Timberwolves,102,2015-02-04
729,Thunder,102,Pelicans,91,2015-02-04
730,Magic,103,Spurs,110,2015-02-04
731,Grizzlies,100,Jazz,90,2015-02-04
732,Mavericks,114,Warriors,128,2015-02-04
733,Wizards,87,Hornets,94,2015-02-05
734,Clippers,94,Cavaliers,105,2015-02-05
735,Mavericks,101,Kings,78,2015-02-05
736,Suns,87,Trail Blazers,108,2015-02-05
737,Knicks,88,Nets,92,2015-02-06
738,Cavaliers,99,Pacers,103,2015-02-06
739,Lakers,97,Magic,103,2015-02-06
740,Clippers,107,Raptors,123,2015-02-06
741,Warriors,116,Hawks,124,2015-02-06
742,76ers,96,Celtics,107,2015-02-06
743,Nuggets,88,Pistons,98,2015-02-06
744,Bucks,111,Rockets,117,2015-02-06
745,Grizzlies,89,Timberwolves,90,2015-02-06
746,Pelicans,116,Thunder,113,2015-02-06
747,Jazz,93,Suns,100,2015-02-06
748,Heat,85,Spurs,98,2015-02-06
749,Bulls,107,Pelicans,72,2015-02-07
750,Nets,77,Wizards,114,2015-02-07
751,Warriors,106,Knicks,92,2015-02-07
752,Hornets,81,76ers,89,2015-02-07
753,Trail Blazers,101,Mavericks,111,2015-02-07
754,Celtics,93,Bucks,96,2015-02-07
755,Kings,90,Jazz,102,2015-02-07
756,Clippers,108,Thunder,131,2015-02-08
757,Lakers,105,Cavaliers,120,2015-02-08
758,Hawks,88,Grizzlies,94,2015-02-08
759,Pacers,103,Hornets,102,2015-02-08
760,Timberwolves,112,Pistons,101,2015-02-08
761,Bulls,98,Magic,97,2015-02-08
762,Trail Blazers,109,Rockets,98,2015-02-08
763,Spurs,82,Raptors,87,2015-02-08
764,Suns,83,Kings,85,2015-02-08
765,Spurs,95,Pacers,93,2015-02-09
766,Warriors,89,76ers,84,2015-02-09
767,Magic,80,Wizards,96,2015-02-09
768,Knicks,95,Heat,109,2015-02-09
769,Nets,97,Bucks,103,2015-02-09
770,Hawks,117,Timberwolves,105,2015-02-09
771,Jazz,100,Pelicans,96,2015-02-09
772,Clippers,115,Mavericks,98,2015-02-09
773,Thunder,124,Nuggets,114,2015-02-09
774,Pistons,106,Hornets,78,2015-02-10
775,Rockets,127,Suns,118,2015-02-10
776,Kings,86,Bulls,104,2015-02-10
777,Nets,86,Grizzlies,95,2015-02-10
778,Nuggets,106,Lakers,96,2015-02-10
779,Knicks,83,Magic,89,2015-02-11
780,Hawks,88,Celtics,89,2015-02-11
781,Spurs,104,Pistons,87,2015-02-11
782,Wizards,93,Raptors,95,2015-02-11
783,Kings,103,Bucks,111,2015-02-11
784,Warriors,94,Timberwolves,91,2015-02-11
785,Pacers,106,Pelicans,93,2015-02-11
786,Grizzlies,89,Thunder,105,2015-02-11
787,Heat,93,Cavaliers,113,2015-02-11
788,Jazz,82,Mavericks,87,2015-02-11
789,Lakers,86,Trail Blazers,102,2015-02-11
790,Rockets,95,Clippers,110,2015-02-11
791,Cavaliers,98,Bulls,113,2015-02-12
792,West,59,East,51,2015-02-13
793,World,121,USA,112,2015-02-13
794,West,163,East,158,2015-02-15
795,Mavericks,89,Thunder,104,2015-02-19
796,Spurs,115,Clippers,119,2015-02-19
797,Pelicans,84,Magic,95,2015-02-20
798,Pacers,106,76ers,95,2015-02-20
799,Raptors,105,Hawks,80,2015-02-20
800,Bulls,91,Pistons,100,2015-02-20
801,Heat,111,Knicks,87,2015-02-20
802,Suns,109,Timberwolves,111,2015-02-20
803,Cavaliers,127,Wizards,89,2015-02-20
804,Rockets,100,Mavericks,111,2015-02-20
805,Nuggets,81,Bucks,89,2015-02-20
806,Trail Blazers,76,Jazz,92,2015-02-20
807,Celtics,101,Kings,109,2015-02-20
808,Spurs,99,Warriors,110,2015-02-20
809,Nets,114,Lakers,105,2015-02-20
810,Thunder,110,Hornets,103,2015-02-21
811,Pelicans,105,Heat,91,2015-02-21
812,Suns,107,Bulls,112,2015-02-21
813,Raptors,76,Rockets,98,2015-02-21
814,Kings,99,Clippers,126,2015-02-21
815,Cavaliers,101,Knicks,83,2015-02-22
816,Hawks,97,Bucks,86,2015-02-22
817,Wizards,89,Pistons,106,2015-02-22
818,Warriors,98,Pacers,104,2015-02-22
819,76ers,98,Magic,103,2015-02-22
820,Nuggets,94,Thunder,119,2015-02-22
821,Hornets,81,Mavericks,92,2015-02-22
822,Grizzlies,98,Trail Blazers,92,2015-02-22
823,Celtics,111,Lakers,118,2015-02-22
824,76ers,108,Heat,119,2015-02-23
825,Bucks,71,Bulls,87,2015-02-23
826,Timberwolves,102,Rockets,113,2015-02-23
827,Raptors,97,Pelicans,100,2015-02-23
828,Nets,110,Nuggets,82,2015-02-23
829,Celtics,115,Suns,110,2015-02-23
830,Spurs,81,Jazz,90,2015-02-23
831,Grizzlies,90,Clippers,87,2015-02-23
832,Warriors,114,Wizards,107,2015-02-24
833,Cavaliers,102,Pistons,93,2015-02-24
834,Pacers,92,Thunder,105,2015-02-24
835,Raptors,92,Mavericks,99,2015-02-24
836,Heat,93,Magic,90,2015-02-25
837,Mavericks,87,Hawks,104,2015-02-25
838,Knicks,94,Celtics,115,2015-02-25
839,Hornets,98,Bulls,86,2015-02-25
840,Clippers,105,Rockets,110,2015-02-25
841,76ers,88,Bucks,104,2015-02-25
842,Wizards,77,Timberwolves,97,2015-02-25
843,Nets,96,Pelicans,102,2015-02-25
844,Suns,110,Nuggets,96,2015-02-25
845,Lakers,100,Jazz,97,2015-02-25
846,Grizzlies,90,Kings,102,2015-02-25
847,Spurs,95,Trail Blazers,111,2015-02-25
848,Warriors,99,Cavaliers,110,2015-02-26
849,Thunder,113,Suns,117,2015-02-26
850,Cavaliers,86,Pacers,93,2015-02-27
851,Wizards,81,76ers,89,2015-02-27
852,Magic,88,Hawks,95,2015-02-27
853,Hornets,98,Celtics,106,2015-02-27
854,Knicks,121,Pistons,115,2015-02-27
855,Warriors,113,Raptors,89,2015-02-27
856,Timberwolves,89,Bulls,96,2015-02-27
857,Nets,98,Rockets,102,2015-02-27
858,Clippers,97,Grizzlies,79,2015-02-27
859,Heat,102,Pelicans,104,2015-02-27
860,Jazz,104,Nuggets,82,2015-02-27
861,Spurs,107,Kings,96,2015-02-27
862,Bucks,93,Lakers,101,2015-02-27
863,Thunder,112,Trail Blazers,115,2015-02-27
864,Pistons,95,Wizards,99,2015-02-28
865,Hawks,93,Heat,91,2015-02-28
866,Raptors,98,Knicks,103,2015-02-28
867,Grizzlies,101,Timberwolves,97,2015-02-28
868,Nets,104,Mavericks,94,2015-02-28
869,Spurs,101,Suns,74,2015-02-28
870,Bucks,75,Jazz,82,2015-02-28
871,Clippers,96,Bulls,86,2015-03-01
872,Cavaliers,103,Rockets,105,2015-03-01
873,Trail Blazers,110,Kings,99,2015-03-01
874,Warriors,106,Celtics,101,2015-03-01
875,76ers,74,Pacers,94,2015-03-01
876,Hornets,98,Magic,83,2015-03-01
877,Thunder,108,Lakers,101,2015-03-01
878,Pelicans,99,Nuggets,92,2015-03-01
879,Raptors,114,76ers,103,2015-03-02
880,Warriors,108,Nets,110,2015-03-02
881,Suns,98,Heat,115,2015-03-02
882,Clippers,110,Timberwolves,105,2015-03-02
883,Pelicans,93,Mavericks,102,2015-03-02
884,Kings,124,Knicks,86,2015-03-03
885,Lakers,103,Hornets,104,2015-03-03
886,Celtics,79,Cavaliers,110,2015-03-03
887,Rockets,96,Hawks,104,2015-03-03
888,Wizards,92,Bulls,97,2015-03-03
889,Jazz,93,Grizzlies,82,2015-03-03
890,Bucks,95,Nuggets,106,2015-03-03
891,Knicks,82,Pacers,105,2015-03-04
892,Suns,105,Magic,100,2015-03-04
893,Jazz,84,Celtics,85,2015-03-04
894,Hornets,115,Nets,91,2015-03-04
895,Cavaliers,120,Raptors,112,2015-03-04
896,Grizzlies,102,Rockets,100,2015-03-04
897,Nuggets,100,Timberwolves,85,2015-03-04
898,Pistons,85,Pelicans,88,2015-03-04
899,76ers,118,Thunder,123,2015-03-04
900,Lakers,94,Heat,100,2015-03-04
901,Kings,85,Spurs,112,2015-03-04
902,Bucks,93,Warriors,102,2015-03-04
903,Trail Blazers,98,Clippers,93,2015-03-04
904,Thunder,105,Bulls,108,2015-03-05
905,Mavericks,75,Trail Blazers,94,2015-03-05
906,Raptors,94,Hornets,103,2015-03-06
907,Bulls,84,Pacers,98,2015-03-06
908,Kings,114,Magic,119,2015-03-06
909,Jazz,89,76ers,83,2015-03-06
910,Heat,97,Wizards,99,2015-03-06
911,Cavaliers,97,Hawks,106,2015-03-06
912,Suns,108,Nets,100,2015-03-06
913,Pistons,93,Rockets,103,2015-03-06
914,Lakers,90,Grizzlies,97,2015-03-06
915,Celtics,104,Pelicans,98,2015-03-06
916,Nuggets,111,Spurs,120,2015-03-06
917,Mavericks,89,Warriors,104,2015-03-06
918,Grizzlies,89,Pelicans,95,2015-03-07
919,Suns,79,Cavaliers,89,2015-03-07
920,Kings,109,Heat,114,2015-03-07
921,Pacers,92,Knicks,86,2015-03-07
922,Hawks,84,76ers,92,2015-03-07
923,Trail Blazers,113,Timberwolves,121,2015-03-07
924,Wizards,85,Bucks,91,2015-03-07
925,Rockets,114,Nuggets,100,2015-03-07
926,Bulls,105,Spurs,116,2015-03-08
927,Clippers,98,Warriors,106,2015-03-08
928,Jazz,95,Nets,88,2015-03-08
929,Hornets,108,Pistons,101,2015-03-08
930,Celtics,98,Magic,103,2015-03-08
931,Raptors,104,Thunder,108,2015-03-08
932,Mavericks,100,Lakers,93,2015-03-08
933,Wizards,95,Hornets,69,2015-03-09
934,Kings,105,Hawks,130,2015-03-09
935,Celtics,100,Heat,90,2015-03-09
936,Grizzlies,101,Bulls,91,2015-03-09
937,Pelicans,114,Bucks,103,2015-03-09
938,Knicks,78,Nuggets,106,2015-03-09
939,Warriors,98,Suns,80,2015-03-09
940,Timberwolves,76,Clippers,89,2015-03-09
941,Magic,86,Pacers,118,2015-03-10
942,Pelicans,111,Nets,91,2015-03-10
943,Cavaliers,127,Mavericks,94,2015-03-10
944,Raptors,107,Spurs,117,2015-03-10
945,Knicks,82,Jazz,87,2015-03-10
946,Pistons,85,Lakers,93,2015-03-10
947,Kings,113,Hornets,106,2015-03-11
948,Bulls,104,76ers,95,2015-03-11
949,Grizzlies,92,Celtics,95,2015-03-11
950,Nets,98,Heat,104,2015-03-11
951,Magic,91,Bucks,97,2015-03-11
952,Clippers,120,Thunder,108,2015-03-11
953,Hawks,102,Nuggets,115,2015-03-11
954,Timberwolves,97,Suns,106,2015-03-11
955,Pistons,98,Warriors,105,2015-03-11
956,Rockets,100,Trail Blazers,105,2015-03-11
957,Bucks,103,Pacers,109,2015-03-12
958,Grizzlies,87,Wizards,107,2015-03-12
959,Rockets,91,Jazz,109,2015-03-12
960,Cavaliers,128,Spurs,125,2015-03-12
961,Knicks,101,Lakers,94,2015-03-12
962,Bulls,91,Hornets,101,2015-03-13
963,Kings,107,76ers,114,2015-03-13
964,Magic,88,Celtics,95,2015-03-13
965,Heat,92,Raptors,102,2015-03-13
966,Timberwolves,99,Thunder,113,2015-03-13
967,Clippers,99,Mavericks,129,2015-03-13
968,Warriors,103,Nuggets,114,2015-03-13
969,Hawks,96,Suns,87,2015-03-13
970,Pistons,99,Trail Blazers,118,2015-03-13
971,Celtics,93,Pacers,89,2015-03-14
972,Kings,97,Wizards,113,2015-03-14
973,Nets,94,76ers,87,2015-03-14
974,Bucks,83,Grizzlies,96,2015-03-14
975,Pistons,85,Jazz,88,2015-03-14
976,Knicks,94,Warriors,125,2015-03-14
977,Bulls,100,Thunder,109,2015-03-15
978,Rockets,100,Clippers,98,2015-03-15
979,Nuggets,118,Pelicans,111,2015-03-15
980,Cavaliers,123,Magic,108,2015-03-15
981,Timberwolves,97,Spurs,123,2015-03-15
982,Trail Blazers,113,Raptors,97,2015-03-15
983,Knicks,89,Suns,102,2015-03-15
984,Hawks,91,Lakers,86,2015-03-15
985,Raptors,117,Pacers,98,2015-03-16
986,Trail Blazers,97,Wizards,105,2015-03-16
987,76ers,89,Celtics,108,2015-03-16
988,Nuggets,81,Grizzlies,92,2015-03-16
989,Nets,122,Timberwolves,106,2015-03-16
990,Cavaliers,92,Heat,106,2015-03-16
991,Thunder,115,Mavericks,119,2015-03-16
992,Hornets,66,Jazz,94,2015-03-16
993,Hawks,110,Kings,103,2015-03-16
994,Lakers,105,Warriors,108,2015-03-16
995,Grizzlies,95,Pistons,105,2015-03-17
996,Spurs,100,Knicks,104,2015-03-17
997,Magic,94,Rockets,107,2015-03-17
998,Bucks,84,Pelicans,85,2015-03-17
999,Hornets,92,Clippers,99,2015-03-17
1000,Nets,92,Cavaliers,117,2015-03-18
1001,Pistons,83,76ers,94,2015-03-18
1002,Trail Blazers,104,Heat,108,2015-03-18
1003,Timberwolves,100,Raptors,105,2015-03-18
1004,Pacers,86,Bulls,103,2015-03-18
1005,Spurs,114,Bucks,103,2015-03-18
1006,Celtics,118,Thunder,122,2015-03-18
1007,Magic,102,Mavericks,107,2015-03-18
1008,Clippers,116,Kings,105,2015-03-18
1009,Hawks,95,Warriors,114,2015-03-18
1010,Wizards,88,Jazz,84,2015-03-18
1011,Timberwolves,95,Knicks,92,2015-03-19
1012,Nuggets,108,Rockets,118,2015-03-19
1013,Pelicans,72,Suns,74,2015-03-19
1014,Jazz,80,Lakers,73,2015-03-19
1015,Trail Blazers,104,Magic,111,2015-03-20
1016,Knicks,81,76ers,97,2015-03-20
1017,Bucks,127,Nets,129,2015-03-20
1018,Pacers,92,Cavaliers,95,2015-03-20
1019,Nuggets,91,Heat,108,2015-03-20
1020,Raptors,92,Bulls,108,2015-03-20
1021,Hawks,115,Thunder,123,2015-03-20
1022,Grizzlies,112,Mavericks,101,2015-03-20
1023,Celtics,89,Spurs,101,2015-03-20
1024,Hornets,91,Kings,101,2015-03-20
1025,Pelicans,96,Warriors,112,2015-03-20
1026,Wizards,99,Clippers,113,2015-03-20
1027,Nets,123,Pacers,111,2015-03-21
1028,Bulls,91,Pistons,107,2015-03-21
1029,Suns,117,Rockets,102,2015-03-21
1030,Trail Blazers,86,Grizzlies,97,2015-03-21
1031,Jazz,91,Warriors,106,2015-03-21
1032,Cavaliers,108,Bucks,90,2015-03-22
1033,Heat,75,Thunder,93,2015-03-22
1034,Spurs,114,Hawks,95,2015-03-22
1035,Pelicans,100,Clippers,107,2015-03-22
1036,Knicks,89,Raptors,106,2015-03-22
1037,Wizards,86,Kings,109,2015-03-22
1038,Pistons,105,Celtics,97,2015-03-22
1039,Nuggets,119,Magic,100,2015-03-22
1040,Hornets,109,Timberwolves,98,2015-03-22
1041,Mavericks,92,Suns,98,2015-03-22
1042,76ers,87,Lakers,101,2015-03-22
1043,Rockets,110,Pacers,100,2015-03-23
1044,Celtics,110,Nets,91,2015-03-23
1045,Grizzlies,103,Knicks,82,2015-03-23
1046,Hornets,86,Bulls,98,2015-03-23
1047,Timberwolves,106,Jazz,104,2015-03-23
1048,Wizards,76,Warriors,107,2015-03-23
1049,Raptors,104,Pistons,108,2015-03-24
1050,Heat,88,Bucks,89,2015-03-24
1051,Lakers,117,Thunder,127,2015-03-24
1052,Spurs,94,Mavericks,101,2015-03-24
1053,76ers,106,Kings,107,2015-03-24
1054,Warriors,122,Trail Blazers,108,2015-03-24
1055,Nets,91,Hornets,88,2015-03-25
1056,Clippers,111,Knicks,80,2015-03-25
1057,Hawks,95,Magic,83,2015-03-25
1058,Pacers,103,Wizards,101,2015-03-25
1059,Bulls,116,Raptors,103,2015-03-25
1060,Heat,93,Celtics,86,2015-03-25
1061,Cavaliers,111,Grizzlies,89,2015-03-25
1062,Lakers,101,Timberwolves,99,2015-03-25
1063,Rockets,95,Pelicans,93,2015-03-25
1064,76ers,99,Nuggets,85,2015-03-25
1065,Trail Blazers,92,Jazz,89,2015-03-25
1066,Thunder,91,Spurs,130,2015-03-25
1067,Kings,108,Suns,99,2015-03-25
1068,Pacers,107,Bucks,111,2015-03-26
1069,Pistons,111,Magic,97,2015-03-27
1070,Clippers,119,76ers,98,2015-03-27
1071,Hornets,107,Wizards,110,2015-03-27
1072,Heat,86,Hawks,99,2015-03-27
1073,Cavaliers,98,Nets,106,2015-03-27
1074,Celtics,96,Knicks,92,2015-03-27
1075,Lakers,83,Raptors,94,2015-03-27
1076,Timberwolves,110,Rockets,120,2015-03-27
1077,Warriors,107,Grizzlies,84,2015-03-27
1078,Kings,88,Pelicans,102,2015-03-27
1079,Mavericks,76,Spurs,94,2015-03-27
1080,Jazz,91,Nuggets,107,2015-03-27
1081,Trail Blazers,87,Suns,81,2015-03-27
1082,Hawks,100,Hornets,115,2015-03-28
1083,Knicks,80,Bulls,111,2015-03-28
1084,Warriors,108,Bucks,95,2015-03-28
1085,Thunder,89,Jazz,94,2015-03-28
1086,Nuggets,114,Trail Blazers,120,2015-03-28
1087,Rockets,99,Wizards,91,2015-03-29
1088,Lakers,99,Nets,107,2015-03-29
1089,Timberwolves,88,Pelicans,110,2015-03-29
1090,76ers,86,Cavaliers,87,2015-03-29
1091,Clippers,119,Celtics,106,2015-03-29
1092,Pistons,102,Heat,109,2015-03-29
1093,Grizzlies,89,Spurs,103,2015-03-29
1094,Mavericks,99,Pacers,104,2015-03-29
1095,Thunder,109,Suns,97,2015-03-29
1096,Celtics,116,Hornets,104,2015-03-30
1097,Lakers,113,76ers,111,2015-03-30
1098,Bucks,88,Hawks,101,2015-03-30
1099,Rockets,96,Raptors,99,2015-03-30
1100,Kings,83,Grizzlies,97,2015-03-30
1101,Jazz,104,Timberwolves,84,2015-03-30
1102,Suns,86,Trail Blazers,109,2015-03-30
1103,Pacers,106,Nets,111,2015-03-31
1104,Hawks,95,Pistons,105,2015-03-31
1105,Spurs,95,Heat,81,2015-03-31
1106,Warriors,110,Clippers,106,2015-03-31
1107,Pistons,78,Hornets,102,2015-04-01
1108,Spurs,103,Magic,91,2015-04-01
1109,76ers,93,Wizards,106,2015-04-01
1110,Pacers,87,Celtics,100,2015-04-01
1111,Nets,100,Knicks,98,2015-04-01
1112,Kings,111,Rockets,115,2015-04-01
1113,Bulls,91,Bucks,95,2015-04-01
1114,Raptors,113,Timberwolves,99,2015-04-01
1115,Mavericks,135,Thunder,131,2015-04-01
1116,Nuggets,84,Jazz,98,2015-04-01
1117,Clippers,126,Trail Blazers,122,2015-04-01
1118,Pelicans,113,Lakers,92,2015-04-01
1119,Heat,88,Cavaliers,114,2015-04-02
1120,Rockets,108,Mavericks,101,2015-04-02
1121,Suns,106,Warriors,107,2015-04-02
1122,Hornets,74,Pacers,93,2015-04-03
1123,Knicks,87,Wizards,101,2015-04-03
1124,Bucks,110,Celtics,101,2015-04-03
1125,Raptors,109,Nets,114,2015-04-03
1126,Pistons,82,Bulls,88,2015-04-03
1127,Thunder,92,Grizzlies,100,2015-04-03
1128,Magic,97,Timberwolves,84,2015-04-03
1129,Nuggets,93,Spurs,123,2015-04-03
1130,Pelicans,101,Kings,95,2015-04-03
1131,Trail Blazers,107,Lakers,77,2015-04-03
1132,76ers,91,Hornets,92,2015-04-04
1133,Nets,99,Hawks,131,2015-04-04
1134,Heat,98,Pistons,99,2015-04-04
1135,Celtics,117,Raptors,116,2015-04-04
1136,Wizards,92,Grizzlies,83,2015-04-04
1137,Warriors,123,Mavericks,110,2015-04-04
1138,Magic,97,Bucks,90,2015-04-04
1139,Clippers,107,Nuggets,92,2015-04-04
1140,Jazz,85,Suns,87,2015-04-04
1141,Pelicans,90,Trail Blazers,99,2015-04-04
1142,Rockets,115,Thunder,112,2015-04-05
1143,Bulls,94,Cavaliers,99,2015-04-05
1144,Heat,89,Pacers,112,2015-04-05
1145,Warriors,92,Spurs,107,2015-04-05
1146,76ers,91,Knicks,101,2015-04-05
1147,Jazz,101,Kings,95,2015-04-05
1148,Clippers,106,Lakers,78,2015-04-05
1149,Trail Blazers,96,Nets,106,2015-04-06
1150,Suns,69,Hawks,96,2015-04-07
1151,Hornets,100,Heat,105,2015-04-07
1152,Warriors,100,Pelicans,103,2015-04-07
1153,Spurs,113,Thunder,88,2015-04-07
1154,Timberwolves,111,Kings,116,2015-04-07
1155,Lakers,100,Clippers,105,2015-04-07
1156,Raptors,92,Hornets,74,2015-04-08
1157,Bulls,103,Magic,105,2015-04-08
1158,Wizards,119,76ers,90,2015-04-08
1159,Celtics,113,Pistons,103,2015-04-08
1160,Hawks,114,Nets,111,2015-04-08
1161,Pacers,102,Knicks,86,2015-04-08
1162,Pelicans,74,Grizzlies,110,2015-04-08
1163,Cavaliers,104,Bucks,99,2015-04-08
1164,Rockets,98,Spurs,110,2015-04-08
1165,Lakers,101,Nuggets,119,2015-04-08
1166,Kings,91,Jazz,103,2015-04-08
1167,Suns,104,Mavericks,107,2015-04-08
1168,Timberwolves,91,Trail Blazers,116,2015-04-08
1169,Bulls,89,Heat,78,2015-04-09
1170,Trail Blazers,105,Warriors,116,2015-04-09
1171,Raptors,101,Magic,99,2015-04-10
1172,Hornets,80,Hawks,104,2015-04-10
1173,Wizards,80,Nets,117,2015-04-10
1174,Celtics,99,Cavaliers,90,2015-04-10
1175,Pacers,107,Pistons,103,2015-04-10
1176,Bucks,99,Knicks,91,2015-04-10
1177,Spurs,104,Rockets,103,2015-04-10
1178,Suns,75,Pelicans,90,2015-04-10
1179,Kings,103,Thunder,116,2015-04-10
1180,Mavericks,144,Nuggets,143,2015-04-10
1181,Grizzlies,89,Jazz,88,2015-04-10
1182,Timberwolves,98,Lakers,106,2015-04-10
1183,Knicks,80,Magic,79,2015-04-11
1184,Raptors,107,Heat,104,2015-04-11
1185,76ers,107,Bulls,114,2015-04-11
1186,Grizzlies,86,Clippers,94,2015-04-11
1187,Jazz,111,Trail Blazers,105,2015-04-11
1188,Timberwolves,101,Warriors,110,2015-04-11
1189,Nets,73,Bucks,96,2015-04-12
1190,Cavaliers,78,Celtics,117,2015-04-12
1191,Hornets,77,Pistons,116,2015-04-12
1192,Kings,111,Nuggets,122,2015-04-12
1193,Thunder,104,Pacers,116,2015-04-12
1194,Hawks,99,Wizards,108,2015-04-12
1195,Pelicans,114,Rockets,121,2015-04-12
1196,Suns,91,Spurs,107,2015-04-12
1197,Mavericks,120,Lakers,106,2015-04-12
1198,Rockets,100,Hornets,90,2015-04-13
1199,Pistons,97,Cavaliers,109,2015-04-13
1200,Bucks,107,76ers,97,2015-04-13
1201,Knicks,112,Hawks,108,2015-04-13
1202,Bulls,113,Nets,86,2015-04-13
1203,Magic,93,Heat,100,2015-04-13
1204,Pelicans,100,Timberwolves,88,2015-04-13
1205,Trail Blazers,90,Thunder,101,2015-04-13
1206,Mavericks,92,Jazz,109,2015-04-13
1207,Lakers,92,Kings,102,2015-04-13
1208,Grizzlies,107,Warriors,111,2015-04-13
1209,Nuggets,103,Clippers,110,2015-04-13
1210,Raptors,93,Celtics,95,2015-04-14
1211,Wizards,95,Pacers,99,2015-04-14
1212,Clippers,112,Suns,101,2015-04-14
1213,Hornets,87,Raptors,92,2015-04-15
1214,Hawks,85,Bulls,91,2015-04-15
1215,Trail Blazers,98,Mavericks,114,2015-04-15
1216,Jazz,91,Rockets,117,2015-04-15
1217,Celtics,105,Bucks,100,2015-04-15
1218,Thunder,138,Timberwolves,113,2015-04-15
1219,Spurs,103,Pelicans,108,2015-04-15
1220,Magic,88,Nets,101,2015-04-15
1221,Wizards,108,Cavaliers,113,2015-04-15
1222,Pistons,112,Knicks,90,2015-04-15
1223,Heat,105,76ers,101,2015-04-15
1224,Pacers,83,Grizzlies,95,2015-04-15
1225,Nuggets,126,Warriors,133,2015-04-15
1226,Kings,122,Lakers,99,2015-04-15
