,GAMEID,Visitor,VisitorScore,Home,HomeScore,Date
0,0,Lakers,109,Pacers,94,2010-12-15
1,1,Celtics,118,Knicks,116,2010-12-15
2,2,Clippers,91,76ers,105,2010-12-15
3,3,Bulls,110,Raptors,93,2010-12-15
4,4,Cavaliers,95,Heat,101,2010-12-15
5,5,Bobcats,80,Grizzlies,113,2010-12-15
6,6,Kings,91,Hornets,94,2010-12-15
7,7,Rockets,105,Thunder,117,2010-12-15
8,8,Bucks,90,Spurs,92,2010-12-15
9,9,Timberwolves,122,Suns,128,2010-12-15
10,10,Trail Blazers,98,Mavericks,103,2010-12-15
11,11,Wizards,89,Nets,97,2010-12-16
12,12,Hawks,90,Celtics,102,2010-12-16
13,13,Spurs,113,Nuggets,112,2010-12-16
14,14,Cavaliers,99,Pacers,108,2010-12-17
15,15,Heat,113,Knicks,91,2010-12-17
16,16,Lakers,93,76ers,81,2010-12-17
17,17,Nets,92,Raptors,98,2010-12-17
18,18,Bobcats,85,Hawks,90,2010-12-17
19,19,Clippers,109,Pistons,88,2010-12-17
20,20,Jazz,71,Hornets,100,2010-12-17
21,21,Kings,87,Thunder,102,2010-12-17
22,22,Grizzlies,87,Rockets,103,2010-12-17
23,23,Suns,91,Mavericks,106,2010-12-17
24,24,Timberwolves,102,Trail Blazers,107,2010-12-17
25,25,76ers,97,Magic,89,2010-12-18
26,26,Heat,95,Wizards,94,2010-12-18
27,27,Knicks,102,Cavaliers,109,2010-12-18
28,28,Clippers,100,Bulls,99,2010-12-18
29,29,Jazz,95,Bucks,86,2010-12-18
30,30,Grizzlies,106,Spurs,112,2010-12-18
31,31,Timberwolves,113,Nuggets,115,2010-12-18
32,32,Warriors,95,Trail Blazers,96,2010-12-18
33,33,Pacers,88,Celtics,99,2010-12-19
34,34,Hawks,82,Nets,89,2010-12-19
35,35,Lakers,120,Raptors,110,2010-12-19
36,36,Hornets,108,Pistons,111,2010-12-19
37,37,Rockets,102,Kings,93,2010-12-19
38,38,Suns,113,Thunder,110,2010-12-19
39,39,Magic,81,Hawks,91,2010-12-20
40,40,Jazz,101,Cavaliers,90,2010-12-20
41,41,Hornets,93,Pacers,94,2010-12-20
42,42,Bobcats,75,Wizards,108,2010-12-20
43,43,Mavericks,98,Heat,96,2010-12-20
44,44,Suns,110,Spurs,118,2010-12-20
45,45,Bucks,80,Trail Blazers,106,2010-12-20
46,46,Rockets,121,Warriors,112,2010-12-20
47,47,Timberwolves,90,Clippers,113,2010-12-20
48,48,Thunder,99,Bobcats,81,2010-12-21
49,49,Mavericks,105,Magic,99,2010-12-21
50,50,76ers,76,Bulls,121,2010-12-21
51,51,Nets,101,Grizzlies,94,2010-12-21
52,52,Warriors,117,Kings,109,2010-12-21
53,53,Bucks,98,Lakers,79,2010-12-21
54,54,Cavaliers,84,Hawks,98,2010-12-22
55,55,Pistons,115,Raptors,93,2010-12-22
56,56,Bulls,87,Wizards,80,2010-12-22
57,57,76ers,80,Celtics,84,2010-12-22
58,58,Thunder,98,Knicks,112,2010-12-22
59,59,Jazz,112,Timberwolves,107,2010-12-22
60,60,Nets,91,Hornets,105,2010-12-22
61,61,Nuggets,103,Spurs,109,2010-12-22
62,62,Rockets,97,Clippers,92,2010-12-22
63,63,Spurs,101,Magic,123,2010-12-23
64,64,Bucks,84,Kings,79,2010-12-23
65,65,Heat,95,Suns,83,2010-12-23
66,66,Bulls,95,Knicks,103,2010-12-25
67,67,Celtics,78,Magic,86,2010-12-25
68,68,Heat,96,Lakers,80,2010-12-25
69,69,Nuggets,106,Thunder,114,2010-12-25
70,70,Trail Blazers,102,Warriors,109,2010-12-25
71,71,Suns,103,Clippers,108,2010-12-26
72,72,Timberwolves,98,Cavaliers,97,2010-12-26
73,73,Bulls,95,Pistons,92,2010-12-26
74,74,Grizzlies,104,Pacers,90,2010-12-26
75,75,Hawks,86,Hornets,93,2010-12-26
76,76,Wizards,80,Spurs,94,2010-12-26
77,77,76ers,95,Nuggets,89,2010-12-26
78,78,Pistons,100,Bobcats,105,2010-12-27
79,79,Magic,104,Nets,88,2010-12-27
80,80,Raptors,85,Grizzlies,96,2010-12-27
81,81,Hawks,95,Bucks,80,2010-12-27
82,82,Hornets,98,Timberwolves,113,2010-12-27
83,83,Mavericks,103,Thunder,93,2010-12-27
84,84,Wizards,93,Rockets,100,2010-12-27
85,85,Trail Blazers,96,Jazz,91,2010-12-27
86,86,Clippers,100,Kings,99,2010-12-27
87,87,76ers,95,Warriors,110,2010-12-27
88,88,Magic,110,Cavaliers,95,2010-12-28
89,89,Celtics,95,Pacers,83,2010-12-28
90,90,Knicks,98,Heat,106,2010-12-28
91,91,Bucks,77,Bulls,90,2010-12-28
92,92,Raptors,84,Mavericks,76,2010-12-28
93,93,Lakers,82,Spurs,97,2010-12-28
94,94,Trail Blazers,77,Nuggets,95,2010-12-28
95,95,Warriors,93,Hawks,103,2010-12-29
96,96,Cavaliers,92,Bobcats,101,2010-12-29
97,97,Pacers,90,Wizards,104,2010-12-29
98,98,Celtics,92,Pistons,104,2010-12-29
99,99,Nuggets,119,Timberwolves,113,2010-12-29
100,100,Lakers,103,Hornets,88,2010-12-29
101,101,Nets,93,Thunder,114,2010-12-29
102,102,Heat,125,Rockets,119,2010-12-29
103,103,76ers,123,Suns,110,2010-12-29
104,104,Grizzlies,98,Kings,100,2010-12-29
105,105,Jazz,103,Clippers,95,2010-12-29
106,106,Knicks,103,Magic,112,2010-12-30
107,107,Spurs,99,Mavericks,93,2010-12-30
108,108,Jazz,89,Trail Blazers,100,2010-12-30
109,109,Hornets,83,Celtics,81,2010-12-31
110,110,Warriors,96,Bobcats,95,2010-12-31
111,111,Wizards,86,Pacers,95,2010-12-31
112,112,Nets,81,Bulls,90,2010-12-31
113,113,Raptors,105,Rockets,114,2010-12-31
114,114,Hawks,94,Thunder,103,2010-12-31
115,115,Pistons,75,Suns,92,2010-12-31
116,116,76ers,98,Lakers,102,2010-12-31
117,117,Hornets,92,Wizards,81,2011-01-01
118,118,Cavaliers,91,Bulls,100,2011-01-01
119,119,Warriors,107,Heat,114,2011-01-01
120,120,Nets,88,Timberwolves,103,2011-01-01
121,121,Thunder,74,Spurs,101,2011-01-01
122,122,Mavericks,87,Bucks,99,2011-01-01
123,123,Kings,86,Nuggets,104,2011-01-01
124,124,Grizzlies,92,Jazz,98,2011-01-01
125,125,Pacers,92,Knicks,98,2011-01-02
126,126,Hawks,107,Clippers,98,2011-01-02
127,127,Celtics,93,Raptors,79,2011-01-02
128,128,Mavericks,104,Cavaliers,95,2011-01-02
129,129,Rockets,85,Trail Blazers,100,2011-01-02
130,130,Suns,89,Kings,94,2011-01-02
131,131,Grizzlies,104,Lakers,85,2011-01-02
132,132,Heat,96,Bobcats,82,2011-01-03
133,133,Warriors,90,Magic,110,2011-01-03
134,134,Timberwolves,93,Celtics,96,2011-01-03
135,135,76ers,77,Hornets,84,2011-01-03
136,136,Rockets,106,Nuggets,113,2011-01-03
137,137,Pistons,97,Jazz,102,2011-01-03
138,138,Bucks,89,Heat,101,2011-01-04
139,139,Spurs,115,Knicks,128,2011-01-04
140,140,Raptors,91,Bulls,111,2011-01-04
141,141,Thunder,105,Grizzlies,110,2011-01-04
142,142,Trail Blazers,81,Mavericks,84,2011-01-04
143,143,Hawks,108,Kings,102,2011-01-04
144,144,Pistons,83,Lakers,108,2011-01-04
145,145,Raptors,120,Cavaliers,105,2011-01-05
146,146,Bulls,94,Nets,96,2011-01-05
147,147,Bucks,87,Magic,97,2011-01-05
148,148,Wizards,97,76ers,109,2011-01-05
149,149,Spurs,103,Celtics,105,2011-01-05
150,150,Bobcats,108,Timberwolves,105,2011-01-05
151,151,Warriors,110,Hornets,103,2011-01-05
152,152,Trail Blazers,103,Rockets,100,2011-01-05
153,153,Hawks,110,Jazz,87,2011-01-05
154,154,Lakers,99,Suns,95,2011-01-05
155,155,Nuggets,93,Clippers,106,2011-01-05
156,156,Thunder,99,Mavericks,95,2011-01-06
157,157,Nuggets,102,Kings,122,2011-01-06
158,158,Spurs,90,Pacers,87,2011-01-07
159,159,Bulls,99,76ers,105,2011-01-07
160,160,Nets,77,Wizards,97,2011-01-07
161,161,Raptors,102,Celtics,122,2011-01-07
162,162,Rockets,95,Magic,110,2011-01-07
163,163,Jazz,99,Grizzlies,110,2011-01-07
164,164,Trail Blazers,108,Timberwolves,98,2011-01-07
165,165,Heat,101,Bucks,95,2011-01-07
166,166,Knicks,121,Suns,96,2011-01-07
167,167,Cavaliers,98,Warriors,116,2011-01-07
168,168,Hornets,97,Lakers,101,2011-01-07
169,169,Pacers,93,Hawks,108,2011-01-08
170,170,Wizards,89,Bobcats,104,2011-01-08
171,171,Bucks,115,Nets,92,2011-01-08
172,172,76ers,109,Pistons,112,2011-01-08
173,173,Celtics,79,Bulls,90,2011-01-08
174,174,Grizzlies,100,Thunder,109,2011-01-08
175,175,Magic,117,Mavericks,107,2011-01-08
176,176,Jazz,103,Rockets,99,2011-01-08
177,177,Kings,112,Raptors,118,2011-01-09
178,178,Warriors,91,Clippers,105,2011-01-09
179,179,Timberwolves,91,Spurs,94,2011-01-09
180,180,Cavaliers,100,Suns,108,2011-01-09
181,181,Hornets,96,Nuggets,87,2011-01-09
182,182,Heat,107,Trail Blazers,100,2011-01-09
183,183,Knicks,87,Lakers,109,2011-01-09
184,184,Grizzlies,82,Bobcats,96,2011-01-10
185,185,Rockets,108,Celtics,102,2011-01-10
186,186,Pistons,82,Bulls,95,2011-01-10
187,187,Pacers,111,76ers,103,2011-01-11
188,188,Kings,133,Wizards,136,2011-01-11
189,189,Spurs,107,Timberwolves,96,2011-01-11
190,190,Suns,98,Nuggets,132,2011-01-11
191,191,Knicks,100,Trail Blazers,86,2011-01-11
192,192,Cavaliers,57,Lakers,112,2011-01-11
193,193,Bulls,91,Bobcats,96,2011-01-12
194,194,Mavericks,89,Pacers,102,2011-01-12
195,195,Hawks,104,Raptors,101,2011-01-12
196,196,Kings,95,Celtics,119,2011-01-12
197,197,Grizzlies,107,Pistons,99,2011-01-12
198,198,Spurs,91,Bucks,84,2011-01-12
199,199,Magic,89,Hornets,92,2011-01-12
200,200,Thunder,118,Rockets,112,2011-01-12
201,201,Nets,109,Suns,118,2011-01-12
202,202,Knicks,125,Jazz,131,2011-01-12
203,203,Lakers,115,Warriors,110,2011-01-12
204,204,Heat,105,Clippers,111,2011-01-12
205,205,Wizards,97,Timberwolves,109,2011-01-13
206,206,Magic,124,Thunder,125,2011-01-13
207,207,Heat,102,Nuggets,130,2011-01-13
208,208,Bulls,99,Pacers,86,2011-01-14
209,209,Bucks,94,76ers,95,2011-01-14
210,210,Pistons,101,Raptors,95,2011-01-14
211,211,Bobcats,94,Celtics,99,2011-01-14
212,212,Kings,93,Knicks,83,2011-01-14
213,213,Mavericks,89,Spurs,101,2011-01-14
214,214,Hornets,110,Rockets,105,2011-01-14
215,215,Cavaliers,99,Jazz,121,2011-01-14
216,216,Trail Blazers,111,Suns,115,2011-01-14
217,217,Clippers,112,Warriors,122,2011-01-14
218,218,Nets,88,Lakers,100,2011-01-14
219,219,Rockets,112,Hawks,106,2011-01-15
220,220,Hornets,88,Bobcats,81,2011-01-15
221,221,Raptors,95,Wizards,98,2011-01-15
222,222,Kings,106,Pistons,110,2011-01-15
223,223,Heat,96,Bulls,99,2011-01-15
224,224,Mavericks,70,Grizzlies,89,2011-01-15
225,225,Magic,108,Timberwolves,99,2011-01-15
226,226,Cavaliers,99,Nuggets,127,2011-01-15
227,227,Nets,89,Trail Blazers,96,2011-01-15
228,228,Lakers,92,Clippers,99,2011-01-16
229,229,Nuggets,97,Spurs,110,2011-01-16
230,230,Suns,129,Knicks,121,2011-01-17
231,231,Jazz,101,Wizards,108,2011-01-17
232,232,Bulls,96,Grizzlies,84,2011-01-17
233,233,Bobcats,92,76ers,96,2011-01-17
234,234,Bucks,84,Rockets,93,2011-01-17
235,235,Raptors,81,Hornets,85,2011-01-17
236,236,Mavericks,89,Pistons,103,2011-01-17
237,237,Pacers,107,Clippers,114,2011-01-17
238,238,Kings,98,Hawks,100,2011-01-17
239,239,Nets,100,Warriors,109,2011-01-17
240,240,Magic,106,Celtics,109,2011-01-17
241,241,Timberwolves,102,Trail Blazers,113,2011-01-17
242,242,Thunder,94,Lakers,101,2011-01-17
243,243,Hawks,93,Heat,89,2011-01-18
244,244,Bobcats,83,Bulls,82,2011-01-18
245,245,Suns,106,Cavaliers,98,2011-01-19
246,246,Jazz,95,Nets,103,2011-01-19
247,247,76ers,98,Magic,99,2011-01-19
248,248,Pistons,82,Celtics,86,2011-01-19
249,249,Wizards,87,Bucks,100,2011-01-19
250,250,Grizzlies,102,Hornets,103,2011-01-19
251,251,Knicks,89,Rockets,104,2011-01-19
252,252,Raptors,95,Spurs,104,2011-01-19
253,253,Lakers,100,Mavericks,109,2011-01-19
254,254,Thunder,107,Nuggets,112,2011-01-19
255,255,Trail Blazers,94,Kings,90,2011-01-19
256,256,Pacers,108,Warriors,110,2011-01-19
257,257,Timberwolves,111,Clippers,126,2011-01-19
258,258,76ers,97,Bobcats,100,2011-01-20
259,259,Mavericks,77,Bulls,82,2011-01-20
260,260,Clippers,93,Trail Blazers,108,2011-01-20
261,261,Pistons,74,Nets,89,2011-01-21
262,262,Raptors,72,Magic,112,2011-01-21
263,263,Suns,109,Wizards,91,2011-01-21
264,264,Hornets,100,Hawks,59,2011-01-21
265,265,Jazz,86,Celtics,110,2011-01-21
266,266,Bucks,102,Cavaliers,88,2011-01-21
267,267,Rockets,110,Grizzlies,115,2011-01-21
268,268,Knicks,92,Spurs,101,2011-01-21
269,269,Lakers,107,Nuggets,97,2011-01-21
270,270,Kings,112,Warriors,119,2011-01-21
271,271,Hawks,103,Bobcats,87,2011-01-22
272,272,Mavericks,87,Nets,86,2011-01-22
273,273,Celtics,83,Wizards,85,2011-01-22
274,274,Suns,74,Pistons,75,2011-01-22
275,275,Raptors,103,Heat,120,2011-01-22
276,276,Jazz,85,76ers,96,2011-01-22
277,277,Cavaliers,79,Bulls,92,2011-01-22
278,278,Spurs,72,Hornets,96,2011-01-22
279,279,Knicks,98,Thunder,101,2011-01-22
280,280,Magic,118,Rockets,104,2011-01-22
281,281,Grizzlies,94,Bucks,81,2011-01-22
282,282,Pacers,92,Trail Blazers,97,2011-01-22
283,283,Warriors,109,Clippers,113,2011-01-22
284,284,Pacers,107,Nuggets,121,2011-01-23
285,285,Cavaliers,101,Nets,103,2011-01-24
286,286,Pistons,103,Magic,96,2011-01-24
287,287,Suns,95,76ers,105,2011-01-24
288,288,Grizzlies,100,Raptors,98,2011-01-24
289,289,Wizards,106,Knicks,115,2011-01-24
290,290,Bucks,83,Bulls,92,2011-01-24
291,291,Rockets,129,Timberwolves,125,2011-01-24
292,292,Thunder,89,Hornets,91,2011-01-24
293,293,Kings,96,Trail Blazers,81,2011-01-24
294,294,Spurs,113,Warriors,102,2011-01-24
295,295,Nuggets,120,Wizards,109,2011-01-25
296,296,Cavaliers,95,Celtics,112,2011-01-25
297,297,Clippers,105,Mavericks,112,2011-01-25
298,298,Bobcats,94,Kings,89,2011-01-25
299,299,Jazz,91,Lakers,120,2011-01-25
300,300,Magic,111,Pacers,96,2011-01-26
301,301,Grizzlies,88,Nets,93,2011-01-26
302,302,76ers,107,Raptors,94,2011-01-26
303,303,Nuggets,109,Pistons,100,2011-01-26
304,304,Hawks,90,Bucks,98,2011-01-26
305,305,Thunder,118,Timberwolves,117,2011-01-26
306,306,Clippers,83,Rockets,96,2011-01-26
307,307,Bobcats,114,Suns,107,2011-01-26
308,308,Spurs,112,Jazz,105,2011-01-26
309,309,Hornets,112,Warriors,103,2011-01-26
310,310,Heat,88,Knicks,93,2011-01-27
311,311,Rockets,106,Mavericks,111,2011-01-27
312,312,Celtics,88,Trail Blazers,78,2011-01-27
313,313,Nets,92,Pacers,124,2011-01-28
314,314,Grizzlies,99,76ers,94,2011-01-28
315,315,Bucks,116,Raptors,110,2011-01-28
316,316,Knicks,102,Hawks,111,2011-01-28
317,317,Nuggets,117,Cavaliers,103,2011-01-28
318,318,Pistons,87,Heat,88,2011-01-28
319,319,Magic,90,Bulls,99,2011-01-28
320,320,Wizards,117,Thunder,124,2011-01-28
321,321,Timberwolves,100,Jazz,108,2011-01-28
322,322,Celtics,71,Suns,88,2011-01-28
323,323,Bobcats,121,Warriors,113,2011-01-28
324,324,Kings,100,Lakers,95,2011-01-28
325,325,Pacers,89,Bulls,110,2011-01-29
326,326,Wizards,93,Grizzlies,107,2011-01-29
327,327,Raptors,87,Timberwolves,103,2011-01-29
328,328,Hawks,91,Mavericks,102,2011-01-29
329,329,Nets,81,Bucks,91,2011-01-29
330,330,Rockets,95,Spurs,108,2011-01-29
331,331,Hornets,96,Kings,102,2011-01-29
332,332,Bobcats,88,Clippers,103,2011-01-29
333,333,Heat,108,Thunder,103,2011-01-30
334,334,Celtics,109,Lakers,96,2011-01-30
335,335,Cavaliers,87,Magic,103,2011-01-30
336,336,Nuggets,99,76ers,110,2011-01-30
337,337,Pistons,106,Knicks,124,2011-01-30
338,338,Hornets,102,Suns,104,2011-01-30
339,339,Jazz,81,Warriors,96,2011-01-30
340,340,Raptors,93,Pacers,104,2011-01-31
341,341,Nuggets,99,Nets,115,2011-01-31
342,342,Cavaliers,90,Heat,117,2011-01-31
343,343,Magic,97,Grizzlies,100,2011-01-31
344,344,Wizards,92,Mavericks,102,2011-01-31
345,345,Bobcats,78,Jazz,83,2011-01-31
346,346,Bucks,98,Clippers,105,2011-01-31
347,347,Wizards,89,Hornets,97,2011-02-01
348,348,Spurs,86,Trail Blazers,99,2011-02-01
349,349,Celtics,95,Kings,90,2011-02-01
350,350,Rockets,106,Lakers,114,2011-02-01
351,351,Raptors,87,Hawks,100,2011-02-02
352,352,Pacers,117,Cavaliers,112,2011-02-02
353,353,76ers,106,Nets,92,2011-02-02
354,354,Bobcats,97,Pistons,87,2011-02-02
355,355,Mavericks,113,Knicks,97,2011-02-02
356,356,Grizzlies,102,Timberwolves,84,2011-02-02
357,357,Hornets,93,Thunder,104,2011-02-02
358,358,Trail Blazers,90,Nuggets,109,2011-02-02
359,359,Bucks,77,Suns,92,2011-02-02
360,360,Rockets,97,Jazz,96,2011-02-02
361,361,Bulls,106,Clippers,88,2011-02-02
362,362,Heat,104,Magic,100,2011-02-03
363,363,Bucks,94,Warriors,100,2011-02-03
364,364,Spurs,89,Lakers,88,2011-02-03
365,365,Heat,109,Bobcats,97,2011-02-04
366,366,Trail Blazers,87,Pacers,100,2011-02-04
367,367,Knicks,98,76ers,100,2011-02-04
368,368,Timberwolves,100,Raptors,111,2011-02-04
369,369,Magic,110,Wizards,92,2011-02-04
370,370,Clippers,100,Hawks,101,2011-02-04
371,371,Nets,82,Pistons,92,2011-02-04
372,372,Mavericks,101,Celtics,97,2011-02-04
373,373,Cavaliers,105,Grizzlies,112,2011-02-04
374,374,Thunder,111,Suns,107,2011-02-04
375,375,Spurs,113,Kings,100,2011-02-04
376,376,Jazz,113,Nuggets,106,2011-02-04
377,377,Mavericks,101,Bobcats,92,2011-02-05
378,378,Hawks,99,Wizards,92,2011-02-05
379,379,Trail Blazers,111,Cavaliers,105,2011-02-05
380,380,Lakers,101,Hornets,95,2011-02-05
381,381,Grizzlies,93,Rockets,95,2011-02-05
382,382,Pistons,89,Bucks,78,2011-02-05
383,383,Nuggets,113,Timberwolves,100,2011-02-05
384,384,Thunder,121,Jazz,105,2011-02-05
385,385,Bulls,90,Warriors,101,2011-02-05
386,386,Clippers,79,Heat,97,2011-02-06
387,387,Pacers,105,Nets,86,2011-02-06
388,388,76ers,103,Knicks,117,2011-02-06
389,389,Magic,80,Celtics,91,2011-02-06
390,390,Celtics,89,Bobcats,94,2011-02-07
391,391,Lakers,93,Grizzlies,84,2011-02-07
392,392,Timberwolves,104,Hornets,92,2011-02-07
393,393,Cavaliers,96,Mavericks,99,2011-02-07
394,394,Rockets,108,Nuggets,103,2011-02-07
395,395,Bulls,103,Trail Blazers,109,2011-02-07
396,396,Jazz,107,Kings,104,2011-02-07
397,397,Suns,104,Warriors,92,2011-02-07
398,398,76ers,117,Hawks,83,2011-02-08
399,399,Clippers,85,Magic,101,2011-02-08
400,400,Spurs,100,Pistons,89,2011-02-08
401,401,Pacers,112,Heat,117,2011-02-08
402,402,Raptors,74,Bucks,92,2011-02-08
403,403,Grizzlies,105,Thunder,101,2011-02-08
404,404,Timberwolves,112,Rockets,108,2011-02-08
405,405,Pistons,103,Cavaliers,94,2011-02-09
406,406,Bobcats,103,Pacers,104,2011-02-09
407,407,Hornets,101,Nets,103,2011-02-09
408,408,Magic,99,76ers,95,2011-02-09
409,409,Spurs,111,Raptors,100,2011-02-09
410,410,Bucks,85,Wizards,100,2011-02-09
411,411,Clippers,116,Knicks,108,2011-02-09
412,412,Bulls,91,Jazz,86,2011-02-09
413,413,Mavericks,102,Kings,100,2011-02-09
414,414,Nuggets,114,Warriors,116,2011-02-09
415,415,Lakers,92,Celtics,86,2011-02-10
416,416,Warriors,88,Suns,112,2011-02-10
417,417,Mavericks,120,Nuggets,121,2011-02-10
418,418,Nets,94,Bobcats,89,2011-02-11
419,419,Timberwolves,105,Pacers,116,2011-02-11
420,420,Hornets,99,Magic,93,2011-02-11
421,421,Spurs,71,76ers,77,2011-02-11
422,422,Trail Blazers,102,Raptors,96,2011-02-11
423,423,Clippers,119,Cavaliers,126,2011-02-11
424,424,Heat,106,Pistons,92,2011-02-11
425,425,Lakers,113,Knicks,96,2011-02-11
426,426,Bucks,86,Grizzlies,89,2011-02-11
427,427,Suns,95,Jazz,83,2011-02-11
428,428,Bobcats,88,Hawks,86,2011-02-12
429,429,Knicks,105,Nets,95,2011-02-12
430,430,Spurs,118,Wizards,94,2011-02-12
431,431,76ers,107,Timberwolves,87,2011-02-12
432,432,Bulls,97,Hornets,88,2011-02-12
433,433,Mavericks,106,Rockets,102,2011-02-12
434,434,Pacers,103,Bucks,97,2011-02-12
435,435,Thunder,99,Kings,97,2011-02-12
436,436,Heat,82,Celtics,85,2011-02-13
437,437,Lakers,75,Magic,89,2011-02-13
438,438,Wizards,115,Cavaliers,100,2011-02-13
439,439,Trail Blazers,105,Pistons,100,2011-02-13
440,440,Clippers,93,Raptors,98,2011-02-13
441,441,Nuggets,108,Grizzlies,116,2011-02-13
442,442,Kings,113,Suns,108,2011-02-13
443,443,Thunder,94,Warriors,100,2011-02-13
444,444,Lakers,89,Bobcats,109,2011-02-14
445,445,Spurs,102,Nets,85,2011-02-14
446,446,Hawks,94,Pistons,79,2011-02-14
447,447,Clippers,78,Bucks,102,2011-02-14
448,448,Trail Blazers,95,Timberwolves,81,2011-02-14
449,449,Nuggets,102,Rockets,121,2011-02-14
450,450,Heat,110,Pacers,103,2011-02-15
451,451,Bobcats,94,Bulls,106,2011-02-15
452,452,76ers,91,Grizzlies,102,2011-02-15
453,453,Kings,96,Thunder,126,2011-02-15
454,454,Jazz,101,Suns,102,2011-02-15
455,455,Hornets,89,Warriors,102,2011-02-15
456,456,Wizards,76,Magic,101,2011-02-16
457,457,Heat,103,Raptors,95,2011-02-16
458,458,Nets,80,Celtics,94,2011-02-16
459,459,Lakers,99,Cavaliers,104,2011-02-16
460,460,Pacers,109,Pistons,115,2011-02-16
461,461,Hawks,90,Knicks,102,2011-02-16
462,462,Clippers,98,Timberwolves,90,2011-02-16
463,463,Kings,100,Mavericks,116,2011-02-16
464,464,76ers,114,Rockets,105,2011-02-16
465,465,Nuggets,94,Bucks,87,2011-02-16
466,466,Warriors,107,Jazz,100,2011-02-16
467,467,Hornets,96,Trail Blazers,103,2011-02-16
468,468,Spurs,99,Bulls,109,2011-02-17
469,469,Mavericks,112,Suns,106,2011-02-17
470,470,East,54,West,49,2011-02-18
471,471,Rookies,148,Sophomores,140,2011-02-18
472,472,East,143,West,148,2011-02-20
473,473,Raptors,101,Bobcats,114,2011-02-22
474,474,Pacers,113,Wizards,96,2011-02-22
475,475,Rockets,108,Pistons,100,2011-02-22
476,476,Kings,97,Heat,117,2011-02-22
477,477,Timberwolves,88,Bucks,94,2011-02-22
478,478,Clippers,88,Thunder,111,2011-02-22
479,479,Grizzlies,107,Nuggets,120,2011-02-22
480,480,Celtics,115,Warriors,93,2011-02-22
481,481,Hawks,80,Lakers,104,2011-02-22
482,482,Rockets,124,Cavaliers,119,2011-02-23
483,483,Pistons,101,Pacers,102,2011-02-23
484,484,Kings,111,Magic,105,2011-02-23
485,485,Wizards,94,76ers,117,2011-02-23
486,486,Bulls,113,Raptors,118,2011-02-23
487,487,Thunder,105,Spurs,109,2011-02-23
488,488,Bucks,108,Knicks,114,2011-02-23
489,489,Grizzlies,104,Timberwolves,95,2011-02-23
490,490,Jazz,99,Mavericks,118,2011-02-23
491,491,Hawks,97,Suns,105,2011-02-23
492,492,Clippers,87,Hornets,98,2011-02-23
493,493,Lakers,106,Trail Blazers,101,2011-02-23
494,494,Heat,89,Bulls,93,2011-02-24
495,495,Celtics,75,Nuggets,89,2011-02-24
496,496,Kings,98,Bobcats,110,2011-02-25
497,497,Jazz,95,Pacers,84,2011-02-25
498,498,Pistons,94,76ers,110,2011-02-25
499,499,Suns,110,Raptors,92,2011-02-25
500,500,Knicks,109,Cavaliers,115,2011-02-25
501,501,Wizards,113,Heat,121,2011-02-25
502,502,Thunder,88,Magic,111,2011-02-25
503,503,Hornets,95,Timberwolves,81,2011-02-25
504,504,Nets,96,Spurs,106,2011-02-25
505,505,Hawks,95,Warriors,79,2011-02-25
506,506,Clippers,95,Lakers,108,2011-02-25
507,507,Nuggets,106,Trail Blazers,107,2011-02-25
508,508,Jazz,116,Pistons,120,2011-02-26
509,509,Mavericks,105,Wizards,99,2011-02-26
510,510,Kings,92,Grizzlies,120,2011-02-26
511,511,Nets,108,Rockets,123,2011-02-26
512,512,Bulls,83,Bucks,75,2011-02-26
513,513,Celtics,99,Clippers,92,2011-02-26
514,514,Suns,110,Pacers,108,2011-02-27
515,515,Lakers,90,Thunder,87,2011-02-27
516,516,76ers,95,Cavaliers,91,2011-02-27
517,517,Warriors,123,Timberwolves,126,2011-02-27
518,518,Bobcats,86,Magic,100,2011-02-27
519,519,Mavericks,114,Raptors,96,2011-02-27
520,520,Rockets,91,Hornets,89,2011-02-27
521,521,Grizzlies,88,Spurs,95,2011-02-27
522,522,Knicks,91,Heat,86,2011-02-27
523,523,Hawks,90,Trail Blazers,83,2011-02-27
524,524,Suns,104,Nets,103,2011-02-28
525,525,Bulls,105,Wizards,77,2011-02-28
526,526,Hawks,90,Nuggets,100,2011-02-28
527,527,Celtics,107,Jazz,102,2011-02-28
528,528,Clippers,99,Kings,105,2011-02-28
529,529,Warriors,100,Pacers,109,2011-03-01
530,530,Knicks,110,Magic,116,2011-03-01
531,531,Mavericks,101,76ers,93,2011-03-01
532,532,Hornets,90,Raptors,96,2011-03-01
533,533,Spurs,93,Grizzlies,109,2011-03-01
534,534,Pistons,90,Bucks,92,2011-03-01
535,535,Lakers,90,Timberwolves,79,2011-03-01
536,536,Rockets,103,Trail Blazers,87,2011-03-01
537,537,Bulls,80,Hawks,83,2011-03-02
538,538,Spurs,109,Cavaliers,99,2011-03-02
539,539,Warriors,106,Wizards,102,2011-03-02
540,540,Suns,103,Celtics,115,2011-03-02
541,541,Timberwolves,116,Pistons,105,2011-03-02
542,542,Hornets,88,Knicks,107,2011-03-02
543,543,Pacers,89,Thunder,113,2011-03-02
544,544,Bobcats,80,Nuggets,120,2011-03-02
545,545,Trail Blazers,107,Kings,102,2011-03-02
546,546,Rockets,103,Clippers,106,2011-03-02
547,547,Magic,99,Heat,96,2011-03-03
548,548,Nuggets,103,Jazz,101,2011-03-03
549,549,Raptors,103,Nets,116,2011-03-04
550,550,Bulls,89,Magic,81,2011-03-04
551,551,Timberwolves,100,76ers,111,2011-03-04
552,552,Thunder,111,Hawks,104,2011-03-04
553,553,Warriors,103,Celtics,107,2011-03-04
554,554,Cavaliers,119,Knicks,115,2011-03-04
555,555,Hornets,98,Grizzlies,91,2011-03-04
556,556,Pacers,108,Mavericks,116,2011-03-04
557,557,Suns,102,Bucks,88,2011-03-04
558,558,Heat,95,Spurs,125,2011-03-04
559,559,Bobcats,84,Lakers,92,2011-03-04
560,560,Raptors,136,Nets,137,2011-03-05
561,561,Timberwolves,96,Wizards,103,2011-03-05
562,562,Pacers,95,Rockets,112,2011-03-05
563,563,Kings,102,Jazz,109,2011-03-05
564,564,Bobcats,69,Trail Blazers,93,2011-03-05
565,565,Nuggets,94,Clippers,100,2011-03-05
566,566,Bulls,87,Heat,86,2011-03-06
567,567,Lakers,99,Spurs,83,2011-03-06
568,568,Wizards,102,Pistons,113,2011-03-06
569,569,Warriors,117,76ers,125,2011-03-06
570,570,Knicks,92,Hawks,79,2011-03-06
571,571,Hornets,96,Cavaliers,81,2011-03-06
572,572,Suns,118,Thunder,122,2011-03-06
573,573,Grizzlies,104,Mavericks,103,2011-03-06
574,574,Celtics,89,Bucks,83,2011-03-06
575,575,Clippers,92,Bobcats,87,2011-03-07
576,576,Trail Blazers,89,Magic,85,2011-03-07
577,577,Jazz,109,Knicks,131,2011-03-07
578,578,Hornets,77,Bulls,85,2011-03-07
579,579,Thunder,101,Grizzlies,107,2011-03-07
580,580,Mavericks,108,Timberwolves,105,2011-03-07
581,581,Rockets,123,Kings,101,2011-03-07
582,582,Lakers,101,Hawks,87,2011-03-08
583,583,Warriors,95,Cavaliers,85,2011-03-08
584,584,76ers,110,Pacers,100,2011-03-08
585,585,Bucks,95,Wizards,76,2011-03-08
586,586,Trail Blazers,105,Heat,96,2011-03-08
587,587,Rockets,110,Suns,113,2011-03-08
588,588,Bulls,101,Bobcats,84,2011-03-09
589,589,Warriors,90,Nets,94,2011-03-09
590,590,Thunder,110,76ers,105,2011-03-09
591,591,Jazz,96,Raptors,94,2011-03-09
592,592,Clippers,108,Celtics,103,2011-03-09
593,593,Knicks,110,Grizzlies,108,2011-03-09
594,594,Cavaliers,90,Bucks,110,2011-03-09
595,595,Pacers,75,Timberwolves,101,2011-03-09
596,596,Mavericks,92,Hornets,93,2011-03-09
597,597,Pistons,104,Spurs,111,2011-03-09
598,598,Magic,106,Kings,102,2011-03-09
599,599,Lakers,88,Heat,94,2011-03-10
600,600,Knicks,109,Mavericks,127,2011-03-10
601,601,Nuggets,116,Suns,97,2011-03-10
602,602,Trail Blazers,92,Bobcats,97,2011-03-11
603,603,Clippers,98,Nets,102,2011-03-11
604,604,Celtics,86,76ers,89,2011-03-11
605,605,Pacers,98,Raptors,108,2011-03-11
606,606,Hawks,76,Bulls,94,2011-03-11
607,607,Jazz,101,Timberwolves,122,2011-03-11
608,608,Pistons,94,Thunder,104,2011-03-11
609,609,Kings,103,Spurs,108,2011-03-11
610,610,Magic,120,Warriors,123,2011-03-11
611,611,Grizzlies,85,Heat,118,2011-03-12
612,612,Trail Blazers,82,Hawks,91,2011-03-12
613,613,Clippers,122,Wizards,101,2011-03-12
614,614,Jazz,100,Bulls,118,2011-03-12
615,615,76ers,74,Bucks,102,2011-03-12
616,616,Kings,103,Hornets,115,2011-03-12
617,617,Spurs,115,Rockets,107,2011-03-12
618,618,Lakers,96,Mavericks,91,2011-03-12
619,619,Pistons,101,Nuggets,131,2011-03-12
620,620,Thunder,95,Cavaliers,75,2011-03-13
621,621,Bobcats,95,Raptors,90,2011-03-13
622,622,Magic,111,Suns,88,2011-03-13
623,623,Bucks,56,Celtics,87,2011-03-13
624,624,Pacers,106,Knicks,93,2011-03-13
625,625,Timberwolves,77,Warriors,100,2011-03-13
626,626,Celtics,79,Nets,88,2011-03-14
627,627,Thunder,116,Wizards,89,2011-03-14
628,628,Spurs,80,Heat,110,2011-03-14
629,629,Clippers,82,Grizzlies,105,2011-03-14
630,630,Nuggets,114,Hornets,103,2011-03-14
631,631,Suns,93,Rockets,95,2011-03-14
632,632,76ers,107,Jazz,112,2011-03-14
633,633,Warriors,119,Kings,129,2011-03-14
634,634,Magic,84,Lakers,97,2011-03-14
635,635,Bucks,85,Hawks,110,2011-03-15
636,636,Knicks,117,Pacers,119,2011-03-15
637,637,Wizards,79,Bulls,98,2011-03-15
638,638,Mavericks,101,Trail Blazers,104,2011-03-15
639,639,Nuggets,102,Hawks,87,2011-03-16
640,640,Pacers,80,Celtics,92,2011-03-16
641,641,Raptors,93,Pistons,107,2011-03-16
642,642,Thunder,96,Heat,85,2011-03-16
643,643,Magic,93,Bucks,89,2011-03-16
644,644,Suns,95,Hornets,100,2011-03-16
645,645,Bobcats,78,Rockets,94,2011-03-16
646,646,Timberwolves,104,Jazz,119,2011-03-16
647,647,Cavaliers,97,Kings,93,2011-03-16
648,648,Mavericks,112,Warriors,106,2011-03-16
649,649,76ers,104,Clippers,94,2011-03-16
650,650,Bulls,84,Nets,73,2011-03-17
651,651,Grizzlies,99,Knicks,120,2011-03-17
652,652,Cavaliers,70,Trail Blazers,111,2011-03-17
653,653,Bulls,108,Pacers,115,2011-03-18
654,654,Nuggets,82,Magic,85,2011-03-18
655,655,Wizards,107,Raptors,116,2011-03-18
656,656,Heat,106,Hawks,85,2011-03-18
657,657,Knicks,95,Pistons,99,2011-03-18
658,658,Bobcats,82,Thunder,99,2011-03-18
659,659,Spurs,97,Mavericks,91,2011-03-18
660,660,Celtics,77,Rockets,93,2011-03-18
661,661,Nets,95,Bucks,110,2011-03-18
662,662,Warriors,97,Suns,108,2011-03-18
663,663,76ers,102,Kings,80,2011-03-18
664,664,Timberwolves,98,Lakers,106,2011-03-18
665,665,Cavaliers,92,Clippers,100,2011-03-19
666,666,Nuggets,98,Heat,103,2011-03-19
667,667,Pacers,78,Grizzlies,99,2011-03-19
668,668,Celtics,89,Hornets,85,2011-03-19
669,669,Bobcats,98,Spurs,109,2011-03-19
670,670,76ers,101,Trail Blazers,110,2011-03-19
671,671,Nets,92,Wizards,98,2011-03-20
672,672,Pistons,96,Hawks,104,2011-03-20
673,673,Knicks,95,Bucks,100,2011-03-20
674,674,Kings,127,Timberwolves,95,2011-03-20
675,675,Suns,108,Clippers,99,2011-03-20
676,676,Jazz,108,Rockets,110,2011-03-20
677,677,Raptors,95,Thunder,93,2011-03-20
678,678,Warriors,73,Mavericks,101,2011-03-20
679,679,Trail Blazers,80,Lakers,84,2011-03-20
680,680,Magic,97,Cavaliers,86,2011-03-21
681,681,Pacers,102,Nets,98,2011-03-21
682,682,Celtics,96,Knicks,86,2011-03-21
683,683,Kings,92,Bulls,132,2011-03-21
684,684,Jazz,85,Grizzlies,103,2011-03-21
685,685,Warriors,96,Spurs,111,2011-03-21
686,686,Raptors,90,Nuggets,123,2011-03-21
687,687,Bulls,114,Hawks,81,2011-03-22
688,688,Wizards,76,Trail Blazers,111,2011-03-22
689,689,Suns,137,Lakers,139,2011-03-22
690,690,Pacers,111,Bobcats,88,2011-03-23
691,691,Nets,98,Cavaliers,94,2011-03-23
692,692,Hawks,100,76ers,105,2011-03-23
693,693,Grizzlies,90,Celtics,87,2011-03-23
694,694,Heat,100,Pistons,94,2011-03-23
695,695,Magic,111,Knicks,99,2011-03-23
696,696,Kings,97,Bucks,90,2011-03-23
697,697,Jazz,94,Thunder,106,2011-03-23
698,698,Warriors,112,Rockets,131,2011-03-23
699,699,Raptors,106,Suns,114,2011-03-23
700,700,Spurs,112,Nuggets,115,2011-03-23
701,701,Wizards,119,Clippers,127,2011-03-23
702,702,Timberwolves,96,Mavericks,104,2011-03-24
703,703,Hornets,121,Jazz,117,2011-03-24
704,704,Kings,110,Pacers,93,2011-03-25
705,705,Nets,85,Magic,95,2011-03-25
706,706,Bobcats,83,Celtics,81,2011-03-25
707,707,Pistons,91,Cavaliers,97,2011-03-25
708,708,76ers,99,Heat,111,2011-03-25
709,709,Bucks,102,Knicks,96,2011-03-25
710,710,Grizzlies,96,Bulls,99,2011-03-25
711,711,Timberwolves,103,Thunder,111,2011-03-25
712,712,Wizards,94,Nuggets,114,2011-03-25
713,713,Hornets,106,Suns,100,2011-03-25
714,714,Spurs,96,Trail Blazers,98,2011-03-25
715,715,Raptors,100,Warriors,138,2011-03-25
716,716,Clippers,104,Lakers,112,2011-03-25
717,717,Nets,87,Hawks,98,2011-03-26
718,718,Knicks,106,Bobcats,114,2011-03-26
719,719,Pacers,88,Pistons,100,2011-03-26
720,720,Bulls,95,Bucks,87,2011-03-26
721,721,Mavericks,94,Jazz,77,2011-03-26
722,722,Raptors,90,Clippers,94,2011-03-26
723,723,Kings,114,76ers,111,2011-03-27
724,724,Hawks,99,Cavaliers,83,2011-03-27
725,725,Rockets,119,Heat,125,2011-03-27
726,726,Spurs,104,Grizzlies,111,2011-03-27
727,727,Celtics,85,Timberwolves,82,2011-03-27
728,728,Trail Blazers,90,Thunder,99,2011-03-27
729,729,Wizards,104,Warriors,114,2011-03-27
730,730,Hornets,84,Lakers,102,2011-03-27
731,731,Mavericks,91,Suns,83,2011-03-27
732,732,Bucks,86,Bobcats,87,2011-03-28
733,733,Celtics,100,Pacers,107,2011-03-28
734,734,Magic,106,Knicks,113,2011-03-28
735,735,76ers,97,Bulls,85,2011-03-28
736,736,Trail Blazers,100,Spurs,92,2011-03-28
737,737,Wizards,100,Jazz,95,2011-03-28
738,738,Heat,90,Cavaliers,102,2011-03-29
739,739,Rockets,112,Nets,87,2011-03-29
740,740,Warriors,114,Thunder,115,2011-03-29
741,741,Suns,113,Kings,116,2011-03-29
742,742,Magic,82,Hawks,85,2011-03-30
743,743,Cavaliers,97,Bobcats,98,2011-03-30
744,744,Pistons,101,Pacers,111,2011-03-30
745,745,Rockets,97,76ers,108,2011-03-30
746,746,Bucks,104,Raptors,98,2011-03-30
747,747,Heat,123,Wizards,107,2011-03-30
748,748,Nets,116,Knicks,120,2011-03-30
749,749,Warriors,91,Grizzlies,110,2011-03-30
750,750,Bulls,108,Timberwolves,91,2011-03-30
751,751,Trail Blazers,91,Hornets,95,2011-03-30
752,752,Kings,90,Nuggets,104,2011-03-30
753,753,Thunder,116,Suns,98,2011-03-30
754,754,Mavericks,106,Clippers,100,2011-03-30
755,755,Celtics,107,Spurs,97,2011-03-31
756,756,Mavericks,82,Lakers,110,2011-03-31
757,757,Bucks,88,Pacers,89,2011-04-01
758,758,Bobcats,77,Magic,89,2011-04-01
759,759,Nets,90,76ers,115,2011-04-01
760,760,Cavaliers,107,Wizards,115,2011-04-01
761,761,Bulls,101,Pistons,96,2011-04-01
762,762,Celtics,83,Hawks,88,2011-04-01
763,763,Heat,111,Timberwolves,92,2011-04-01
764,764,Grizzlies,93,Hornets,81,2011-04-01
765,765,Spurs,114,Rockets,119,2011-04-01
766,766,Clippers,98,Suns,111,2011-04-01
767,767,Thunder,91,Trail Blazers,98,2011-04-01
768,768,Nuggets,99,Kings,90,2011-04-01
769,769,Lakers,96,Jazz,85,2011-04-01
770,770,Raptors,106,Bulls,113,2011-04-02
771,771,Timberwolves,89,Grizzlies,106,2011-04-02
772,772,76ers,87,Bucks,93,2011-04-02
773,773,Mavericks,92,Warriors,99,2011-04-02
774,774,Thunder,92,Clippers,98,2011-04-02
775,775,Suns,97,Spurs,114,2011-04-03
776,776,Nuggets,95,Lakers,90,2011-04-03
777,777,Pistons,90,Celtics,101,2011-04-03
778,778,Wizards,97,Bobcats,91,2011-04-03
779,779,Heat,108,Nets,94,2011-04-03
780,780,Cavaliers,107,Knicks,123,2011-04-03
781,781,Magic,98,Raptors,102,2011-04-03
782,782,Jazz,97,Kings,106,2011-04-03
783,783,Hawks,109,Rockets,114,2011-04-03
784,784,Pacers,96,Hornets,108,2011-04-03
785,785,Mavericks,96,Trail Blazers,104,2011-04-03
786,786,Spurs,97,Hawks,90,2011-04-05
787,787,Bobcats,89,Cavaliers,99,2011-04-05
788,788,Timberwolves,105,Nets,107,2011-04-05
789,789,Bucks,72,Magic,78,2011-04-05
790,790,Pistons,105,Wizards,107,2011-04-05
791,791,76ers,82,Celtics,99,2011-04-05
792,792,Raptors,118,Knicks,131,2011-04-05
793,793,Suns,94,Bulls,97,2011-04-05
794,794,Clippers,82,Grizzlies,81,2011-04-05
795,795,Kings,104,Rockets,101,2011-04-05
796,796,Thunder,101,Nuggets,94,2011-04-05
797,797,Warriors,108,Trail Blazers,87,2011-04-05
798,798,Jazz,86,Lakers,85,2011-04-05
799,799,Magic,111,Bobcats,102,2011-04-06
800,800,Wizards,112,Pacers,136,2011-04-06
801,801,Knicks,97,76ers,92,2011-04-06
802,802,Cavaliers,104,Raptors,96,2011-04-06
803,803,Nets,109,Pistons,116,2011-04-06
804,804,Bucks,90,Heat,85,2011-04-06
805,805,Suns,108,Timberwolves,98,2011-04-06
806,806,Rockets,93,Hornets,101,2011-04-06
807,807,Clippers,108,Thunder,112,2011-04-06
808,808,Kings,92,Spurs,124,2011-04-06
809,809,Nuggets,104,Mavericks,96,2011-04-06
810,810,Lakers,87,Warriors,95,2011-04-06
811,811,Celtics,81,Bulls,97,2011-04-07
812,812,Trail Blazers,98,Jazz,87,2011-04-07
813,813,Hawks,102,Pacers,114,2011-04-08
814,814,Knicks,116,Nets,93,2011-04-08
815,815,Raptors,93,76ers,98,2011-04-08
816,816,Wizards,88,Celtics,104,2011-04-08
817,817,Bulls,93,Cavaliers,82,2011-04-08
818,818,Bucks,100,Pistons,110,2011-04-08
819,819,Bobcats,103,Heat,112,2011-04-08
820,820,Kings,96,Grizzlies,101,2011-04-08
821,821,Suns,97,Hornets,109,2011-04-08
822,822,Nuggets,89,Thunder,104,2011-04-08
823,823,Clippers,96,Mavericks,107,2011-04-08
824,824,Lakers,86,Trail Blazers,93,2011-04-08
825,825,Hawks,83,Wizards,115,2011-04-09
826,826,Clippers,78,Rockets,99,2011-04-09
827,827,Cavaliers,101,Bucks,108,2011-04-09
828,828,Jazz,102,Spurs,111,2011-04-09
829,829,Timberwolves,106,Nuggets,130,2011-04-09
830,830,Bulls,102,Magic,99,2011-04-10
831,831,Celtics,77,Heat,100,2011-04-10
832,832,Pistons,112,Bobcats,101,2011-04-10
833,833,Nets,92,Raptors,99,2011-04-10
834,834,Hornets,89,Grizzlies,111,2011-04-10
835,835,Knicks,110,Pacers,109,2011-04-10
836,836,Suns,90,Mavericks,115,2011-04-10
837,837,Kings,104,Warriors,103,2011-04-10
838,838,Thunder,120,Lakers,106,2011-04-10
839,839,Heat,98,Hawks,90,2011-04-11
840,840,Bobcats,105,Nets,103,2011-04-11
841,841,Magic,95,76ers,85,2011-04-11
842,842,Celtics,94,Wizards,95,2011-04-11
843,843,Cavaliers,110,Pistons,101,2011-04-11
844,844,Raptors,86,Bucks,93,2011-04-11
845,845,Jazz,90,Hornets,78,2011-04-11
846,846,Mavericks,98,Rockets,91,2011-04-11
847,847,Warriors,111,Nuggets,134,2011-04-11
848,848,Timberwolves,127,Suns,135,2011-04-11
849,849,Thunder,120,Kings,112,2011-04-11
850,850,Bulls,103,Knicks,90,2011-04-12
851,851,Grizzlies,89,Trail Blazers,102,2011-04-12
852,852,Spurs,93,Lakers,102,2011-04-12
853,853,Knicks,102,Celtics,112,2011-04-13
854,854,Hawks,85,Bobcats,96,2011-04-13
855,855,Wizards,93,Cavaliers,100,2011-04-13
856,856,Pacers,74,Magic,92,2011-04-13
857,857,Pistons,104,76ers,100,2011-04-13
858,858,Heat,97,Raptors,79,2011-04-13
859,859,Nets,92,Bulls,97,2011-04-13
860,860,Hornets,89,Mavericks,121,2011-04-13
861,861,Rockets,121,Timberwolves,102,2011-04-13
862,862,Bucks,110,Thunder,106,2011-04-13
863,863,Nuggets,103,Jazz,107,2011-04-13
864,864,Trail Blazers,86,Warriors,110,2011-04-13
865,865,Grizzlies,103,Clippers,110,2011-04-13
866,866,Spurs,103,Suns,106,2011-04-13
867,867,Lakers,116,Kings,108,2011-04-13
